Numéro de Département;Nom;Region;Zone climatique;N° Mois;Mois;Température Minimale;Température maximale;Précipitation nomarle (mm);Nombre de jours (p>1mm);Nb d'Heure d'insolation
67;Bas-Rhin;Alsace;1;1;Janvier;-1;4,2;30;8;54
67;Bas-Rhin;Alsace;1;2;Février;-0,7;6,2;35;8;83
67;Bas-Rhin;Alsace;1;3;Mars;2,2;11,1;36,1;9;132
67;Bas-Rhin;Alsace;1;4;Avril;4,6;14,9;42,5;9;170
67;Bas-Rhin;Alsace;1;5;Mai;9;19,6;78,2;12;206
67;Bas-Rhin;Alsace;1;6;Juin;12,1;22,4;76,7;11;206
67;Bas-Rhin;Alsace;1;7;Juillet;13,9;25,1;66,2;10;224
67;Bas-Rhin;Alsace;1;8;Août;13,6;25;57,9;9;232
67;Bas-Rhin;Alsace;1;9;Septembre;10,3;20,7;62,1;9;157
67;Bas-Rhin;Alsace;1;10;Octobre;6,6;14,6;52,5;9;84
67;Bas-Rhin;Alsace;1;11;Novembre;2,3;8,3;49,8;9;51
67;Bas-Rhin;Alsace;1;12;Décembre;0,3;5,3;44,5;9;35
68;Haut-Rhin;Alsace;1;1;Janvier;-1,5;4,5;32,5;8;61
68;Haut-Rhin;Alsace;1;2;Février;-1;6,7;30,6;7;95
68;Haut-Rhin;Alsace;1;3;Mars;1,9;11,6;33,7;9;143
68;Haut-Rhin;Alsace;1;4;Avril;4,4;15,2;42,5;9;170
68;Haut-Rhin;Alsace;1;5;Mai;8,7;19,9;69,5;11;201
68;Haut-Rhin;Alsace;1;6;Juin;11,7;22,9;64,9;10;206
68;Haut-Rhin;Alsace;1;7;Juillet;13,7;25,1;63;9;232
68;Haut-Rhin;Alsace;1;8;Août;13,3;25,5;55;9;233
68;Haut-Rhin;Alsace;1;9;Septembre;10,1;21,3;52,4;8;163
68;Haut-Rhin;Alsace;1;10;Octobre;6,2;15,3;46,8;9;103
68;Haut-Rhin;Alsace;1;11;Novembre;1,9;8,8;42,1;7;64
68;Haut-Rhin;Alsace;1;12;Décembre;-0,2;5,7;44,5;9;49
24;Dordogne;Aquitaine;2;1;Janvier;1,3;9,3;51,5;11;95
24;Dordogne;Aquitaine;2;2;Février;1,8;11,3;62,7;10;112
24;Dordogne;Aquitaine;2;3;Mars;3;14,3;42;10;181
24;Dordogne;Aquitaine;2;4;Avril;5,1;16,7;79,9;11;176
24;Dordogne;Aquitaine;2;5;Mai;9,1;20,8;68,3;11;218
24;Dordogne;Aquitaine;2;6;Juin;12,1;24,1;72,8;8;218
24;Dordogne;Aquitaine;2;7;Juillet;14,1;27,1;53,5;7;243
24;Dordogne;Aquitaine;2;8;Août;13,6;27,1;65,6;7;249
24;Dordogne;Aquitaine;2;9;Septembre;10,8;23,8;79,1;9;183
24;Dordogne;Aquitaine;2;10;Octobre;8,1;18;71,2;10;127
24;Dordogne;Aquitaine;2;11;Novembre;4;12,8;80,3;11;88
24;Dordogne;Aquitaine;2;12;Décembre;2,2;10,1;81,5;11;76
33;Gironde;Aquitaine;2;1;Janvier;2,8;10;92;13;107
33;Gironde;Aquitaine;2;2;Février;3,4;11,7;82,6;11;114
33;Gironde;Aquitaine;2;3;Mars;4,6;14,5;70;11;180
33;Gironde;Aquitaine;2;4;Avril;6,6;16,5;80;12;177
33;Gironde;Aquitaine;2;5;Mai;10,3;20,5;83,8;12;222
33;Gironde;Aquitaine;2;6;Juin;13;23,5;63,8;9;225
33;Gironde;Aquitaine;2;7;Juillet;15,1;26,4;54,5;7;243
33;Gironde;Aquitaine;2;8;Août;15,2;26,6;59,5;8;243
33;Gironde;Aquitaine;2;9;Septembre;12,5;23,7;90,3;10;183
33;Gironde;Aquitaine;2;10;Octobre;9,5;18,8;94;11;144
33;Gironde;Aquitaine;2;11;Novembre;5,5;13,4;106,8;13;91
33;Gironde;Aquitaine;2;12;Décembre;3,8;10,7;106,7;13;72
40;Landes;Aquitaine;2;1;Janvier;1,5;10,6;84,7;11;102
40;Landes;Aquitaine;2;2;Février;2,2;12,4;84,1;11;107
40;Landes;Aquitaine;2;3;Mars;3,4;15,4;75,5;11;174
40;Landes;Aquitaine;2;4;Avril;5,7;17,2;88,5;13;170
40;Landes;Aquitaine;2;5;Mai;9,7;21,1;97,8;13;194
40;Landes;Aquitaine;2;6;Juin;12,6;24;69;9;196
40;Landes;Aquitaine;2;7;Juillet;14,7;27;61,7;8;219
40;Landes;Aquitaine;2;8;Août;14,7;27,1;70,7;8;214
40;Landes;Aquitaine;2;9;Septembre;11,6;24,4;72,9;9;179
40;Landes;Aquitaine;2;10;Octobre;8,4;19,5;91,8;11;133
40;Landes;Aquitaine;2;11;Novembre;4,4;13,9;97;12;88
40;Landes;Aquitaine;2;12;Décembre;2,5;11,1;89,5;12;76
47;Lot-et-Garonne;Aquitaine;2;1;Janvier;1,9;8,9;60,7;10;87
47;Lot-et-Garonne;Aquitaine;2;2;Février;2,7;11,2;63,2;10;108
47;Lot-et-Garonne;Aquitaine;2;3;Mars;4;14,3;52,9;10;183
47;Lot-et-Garonne;Aquitaine;2;4;Avril;6,1;16,6;63,9;11;181
47;Lot-et-Garonne;Aquitaine;2;5;Mai;9,9;20,7;81,6;11;222
47;Lot-et-Garonne;Aquitaine;2;6;Juin;12,9;23,9;63;9;216
47;Lot-et-Garonne;Aquitaine;2;7;Juillet;14,9;27;59,2;7;249
47;Lot-et-Garonne;Aquitaine;2;8;Août;14,9;26,9;57,5;7;244
47;Lot-et-Garonne;Aquitaine;2;9;Septembre;12;24;57,4;8;190
47;Lot-et-Garonne;Aquitaine;2;10;Octobre;9;18,8;63,6;9;126
47;Lot-et-Garonne;Aquitaine;2;11;Novembre;4,9;12,6;61,9;10;82
47;Lot-et-Garonne;Aquitaine;2;12;Décembre;2,9;9,5;62,9;10;66
64;Pyrénées-Atlantiques;Aquitaine;2;1;Janvier;4,7;11,9;137,6;14;115
64;Pyrénées-Atlantiques;Aquitaine;2;2;Février;5,5;12,9;123,1;13;121
64;Pyrénées-Atlantiques;Aquitaine;2;3;Mars;6,5;14,3;119,7;12;171
64;Pyrénées-Atlantiques;Aquitaine;2;4;Avril;8,1;15,5;137,8;14;171
64;Pyrénées-Atlantiques;Aquitaine;2;5;Mai;11,3;18,9;125,5;13;192
64;Pyrénées-Atlantiques;Aquitaine;2;6;Juin;14;21,2;97,5;11;198
64;Pyrénées-Atlantiques;Aquitaine;2;7;Juillet;16,3;23,8;81,1;9;200
64;Pyrénées-Atlantiques;Aquitaine;2;8;Août;16,7;24,3;96,3;9;214
64;Pyrénées-Atlantiques;Aquitaine;2;9;Septembre;14,4;22,9;126,5;10;179
64;Pyrénées-Atlantiques;Aquitaine;2;10;Octobre;11,5;19,5;148,4;12;183
64;Pyrénées-Atlantiques;Aquitaine;2;11;Novembre;7,4;14,9;171,9;13;88
64;Pyrénées-Atlantiques;Aquitaine;2;12;Décembre;5,8;12,8;144,6;13;76
3;Allier;Auvergne;1;1;Janvier;-0,4;7,2;49,6;10;73
3;Allier;Auvergne;1;2;Février;0;9;48,3;10;99
3;Allier;Auvergne;1;3;Mars;1,5;12,4;44,9;10;155
3;Allier;Auvergne;1;4;Avril;3,3;14,9;62,4;11;174
3;Allier;Auvergne;1;5;Mai;7,5;19,3;100,9;13;212
3;Allier;Auvergne;1;6;Juin;10,5;22,5;77,8;10;208
3;Allier;Auvergne;1;7;Juillet;12,5;25,8;65,2;8;248
3;Allier;Auvergne;1;8;Août;12,4;25,7;70,3;8;255
3;Allier;Auvergne;1;9;Septembre;9,4;22;76,3;9;183
3;Allier;Auvergne;1;10;Octobre;6,6;16,8;69,5;11;116
3;Allier;Auvergne;1;11;Novembre;2,3;10,9;61,9;10;79
3;Allier;Auvergne;1;12;Décembre;0,5;8;50,9;10;57
15;Cantal;Auvergne;1;1;Janvier;-1,1;6,4;96,4;13;118
15;Cantal;Auvergne;1;2;Février;-0,6;7,8;100;12;130
15;Cantal;Auvergne;1;3;Mars;0,9;10,4;87,6;12;191
15;Cantal;Auvergne;1;4;Avril;2,8;12,7;111,3;12;194
15;Cantal;Auvergne;1;5;Mai;6,8;16,9;126,6;13;218
15;Cantal;Auvergne;1;6;Juin;9,4;20,2;93,8;10;219
15;Cantal;Auvergne;1;7;Juillet;11,7;23,5;70,6;8;266
15;Cantal;Auvergne;1;8;Août;11,6;23,5;78,8;9;259
15;Cantal;Auvergne;1;9;Septembre;8,7;20,1;105,7;9;192
15;Cantal;Auvergne;1;10;Octobre;5,9;15,3;125,8;11;136
15;Cantal;Auvergne;1;11;Novembre;1,8;10;107,2;12;94
15;Cantal;Auvergne;1;12;Décembre;0;7,6;128,2;13;89
43;Haute-Loire;Auvergne;1;1;Janvier;-2,9;4,9;41,2;8;98
43;Haute-Loire;Auvergne;1;2;Février;-2,4;6,3;32,3;8;115
43;Haute-Loire;Auvergne;1;3;Mars;-0,6;9,1;31,3;8;168
43;Haute-Loire;Auvergne;1;4;Avril;1,5;12;67,4;10;165
43;Haute-Loire;Auvergne;1;5;Mai;5,3;16,3;85,7;12;192
43;Haute-Loire;Auvergne;1;6;Juin;8,3;20,5;68,2;9;200
43;Haute-Loire;Auvergne;1;7;Juillet;10,6;24,2;53,4;7;255
43;Haute-Loire;Auvergne;1;8;Août;10,6;23,8;58,5;8;240
43;Haute-Loire;Auvergne;1;9;Septembre;7,5;20;75,9;8;182
43;Haute-Loire;Auvergne;1;10;Octobre;4,6;14,3;70,5;10;114
43;Haute-Loire;Auvergne;1;11;Novembre;0,2;8,6;52,7;9;82
43;Haute-Loire;Auvergne;1;12;Décembre;-1,9;5,9;37,9;8;73
63;Puy-de-Dôme;Auvergne;1;1;Janvier;-0,3;7,3;28,7;6;86
63;Puy-de-Dôme;Auvergne;1;2;Février;0,5;9,3;26,8;6;114
63;Puy-de-Dôme;Auvergne;1;3;Mars;2,2;12,5;26,4;6;163
63;Puy-de-Dôme;Auvergne;1;4;Avril;4,1;14,8;44,6;9;174
63;Puy-de-Dôme;Auvergne;1;5;Mai;8,2;19,2;85,3;12;203
63;Puy-de-Dôme;Auvergne;1;6;Juin;11,2;22,5;64,4;9;206
63;Puy-de-Dôme;Auvergne;1;7;Juillet;13,4;25,9;53,6;7;246
63;Puy-de-Dôme;Auvergne;1;8;Août;13,2;25,8;67,2;8;249
63;Puy-de-Dôme;Auvergne;1;9;Septembre;10,3;22,2;64,3;7;182
63;Puy-de-Dôme;Auvergne;1;10;Octobre;7,1;16,9;53,1;8;122
63;Puy-de-Dôme;Auvergne;1;11;Novembre;2,6;11;38,1;7;85
63;Puy-de-Dôme;Auvergne;1;12;Décembre;0,7;8,2;33,3;6;69
14;Calvados;Basse-Normandie;1;1;Janvier;2,4;7,7;61,6;12;67
14;Calvados;Basse-Normandie;1;2;Février;2,3;8,5;53,8;11;83
14;Calvados;Basse-Normandie;1;3;Mars;3,8;11,1;54,2;11;116
14;Calvados;Basse-Normandie;1;4;Avril;5;12,8;48,8;10;147
14;Calvados;Basse-Normandie;1;5;Mai;8,2;16,5;61,2;11;192
14;Calvados;Basse-Normandie;1;6;Juin;10,7;19,3;56,6;8;202
14;Calvados;Basse-Normandie;1;7;Juillet;12,8;22;47,6;7;203
14;Calvados;Basse-Normandie;1;8;Août;12,8;22,4;46,4;8;212
14;Calvados;Basse-Normandie;1;9;Septembre;10,8;19,7;66,8;10;154
14;Calvados;Basse-Normandie;1;10;Octobre;8,1;15,7;73,1;12;115
14;Calvados;Basse-Normandie;1;11;Novembre;4,9;11,2;77,7;13;81
14;Calvados;Basse-Normandie;1;12;Décembre;3,3;8,6;75,6;13;52
50;Manche;Basse-Normandie;2;1;Janvier;2,4;7,7;61,6;12;67
50;Manche;Basse-Normandie;2;2;Février;2,3;8,5;53,8;11;83
50;Manche;Basse-Normandie;2;3;Mars;3,8;11,1;54,2;11;116
50;Manche;Basse-Normandie;2;4;Avril;5;12,8;48,8;10;147
50;Manche;Basse-Normandie;2;5;Mai;8,2;16,5;61,2;11;192
50;Manche;Basse-Normandie;2;6;Juin;10,7;19,3;56,6;8;202
50;Manche;Basse-Normandie;2;7;Juillet;12,8;22;47,6;7;203
50;Manche;Basse-Normandie;2;8;Août;12,8;22,4;46,4;8;212
50;Manche;Basse-Normandie;2;9;Septembre;10,8;19,7;66,8;10;154
50;Manche;Basse-Normandie;2;10;Octobre;8,1;15,7;73,1;12;115
50;Manche;Basse-Normandie;2;11;Novembre;4,9;11,2;77,7;13;81
50;Manche;Basse-Normandie;2;12;Décembre;3,3;8,6;75,6;13;52
61;Orne;Basse-Normandie;1;1;Janvier;1,4;6,8;73,6;12;60
61;Orne;Basse-Normandie;1;2;Février;1,4;8;62,5;11;78
61;Orne;Basse-Normandie;1;3;Mars;3;11,3;57,8;11;126
61;Orne;Basse-Normandie;1;4;Avril;4,4;16,8;52;10;140
61;Orne;Basse-Normandie;1;5;Mai;4,8;18,8;66;11;190
61;Orne;Basse-Normandie;1;6;Juin;10,5;20,9;53,7;8;203
61;Orne;Basse-Normandie;1;7;Juillet;12,5;23,6;48,7;8;214
61;Orne;Basse-Normandie;1;8;Août;12,2;23,9;39,7;7;224
61;Orne;Basse-Normandie;1;9;Septembre;9,8;20,4;66,1;9;151
61;Orne;Basse-Normandie;1;10;Octobre;7,1;15,7;68,3;11;109
61;Orne;Basse-Normandie;1;11;Novembre;3,7;10,3;67,2;11;69
61;Orne;Basse-Normandie;1;12;Décembre;2,3;7,6;82,9;12;51
21;Côte-d'Or;Bourgogne;1;1;Janvier;-0,7;4,7;57,3;11;61
21;Côte-d'Or;Bourgogne;1;2;Février;0;7;50;9;91
21;Côte-d'Or;Bourgogne;1;3;Mars;2,5;11,4;47,3;10;148
21;Côte-d'Or;Bourgogne;1;4;Avril;4,7;14,6;51,9;9;172
21;Côte-d'Or;Bourgogne;1;5;Mai;9;19,1;86,8;12;218
21;Côte-d'Or;Bourgogne;1;6;Juin;12;22,4;64,7;9;220
21;Côte-d'Or;Bourgogne;1;7;Juillet;14,3;25,6;61;8;247
21;Côte-d'Or;Bourgogne;1;8;Août;14,2;25,3;58,4;8;246
21;Côte-d'Or;Bourgogne;1;9;Septembre;10,8;21,1;68,3;8;172
21;Côte-d'Or;Bourgogne;1;10;Octobre;7,1;15,1;64,9;10;100
21;Côte-d'Or;Bourgogne;1;11;Novembre;2,5;8,7;69,8;11;63
21;Côte-d'Or;Bourgogne;1;12;Décembre;0,4;5,5;64,1;11;51
58;Nièvre;Bourgogne;1;1;Janvier;0,1;6,4;64,3;12;63
58;Nièvre;Bourgogne;1;2;Février;0,2;8,3;62,7;11;87
58;Nièvre;Bourgogne;1;3;Mars;1,7;11,8;55,6;11;150
58;Nièvre;Bourgogne;1;4;Avril;3,5;14,5;63,8;11;164
58;Nièvre;Bourgogne;1;5;Mai;7,5;18,8;83,2;12;208
58;Nièvre;Bourgogne;1;6;Juin;10,3;21,9;66,3;9;209
58;Nièvre;Bourgogne;1;7;Juillet;12,3;25;56,4;8;238
58;Nièvre;Bourgogne;1;8;Août;11,9;25;58,9;8;248
58;Nièvre;Bourgogne;1;9;Septembre;8,9;21,2;68,3;9;172
58;Nièvre;Bourgogne;1;10;Octobre;6,3;16;76,7;11;110
58;Nièvre;Bourgogne;1;11;Novembre;2,4;10,1;71,2;11;65
58;Nièvre;Bourgogne;1;12;Décembre;1;7,3;73,1;12;51
71;Saône-et-Loire;Bourgogne;1;1;Janvier;-0,1;5,3;62,5;11;59
71;Saône-et-Loire;Bourgogne;1;2;Février;0,9;7,6;57,8;10;89
71;Saône-et-Loire;Bourgogne;1;3;Mars;3,1;11,8;50,8;9;155
71;Saône-et-Loire;Bourgogne;1;4;Avril;5,3;14,8;67,7;10;176
71;Saône-et-Loire;Bourgogne;1;5;Mai;9,4;19,5;82,8;11;220
71;Saône-et-Loire;Bourgogne;1;6;Juin;12,6;22,9;76,9;10;233
71;Saône-et-Loire;Bourgogne;1;7;Juillet;14,9;26,1;63,8;8;268
71;Saône-et-Loire;Bourgogne;1;8;Août;14,5;25,8;63,8;8;253
71;Saône-et-Loire;Bourgogne;1;9;Septembre;11,1;21,6;86,7;8;177
71;Saône-et-Loire;Bourgogne;1;10;Octobre;7,6;15,7;81,6;10;99
71;Saône-et-Loire;Bourgogne;1;11;Novembre;3;9,3;75,6;10;66
71;Saône-et-Loire;Bourgogne;1;12;Décembre;1,1;6,2;69,8;11;52
89;Yonne;Bourgogne;1;1;Janvier;0,7;6,1;54,6;11;63
89;Yonne;Bourgogne;1;2;Février;0,9;7,9;52,5;10;87
89;Yonne;Bourgogne;1;3;Mars;3;11,6;47,1;11;142
89;Yonne;Bourgogne;1;4;Avril;4,7;14,8;50,8;10;166
89;Yonne;Bourgogne;1;5;Mai;8,7;19,3;69,9;12;212
89;Yonne;Bourgogne;1;6;Juin;11,6;22,2;66,4;10;206
89;Yonne;Bourgogne;1;7;Juillet;13,8;25,4;50,7;7;236
89;Yonne;Bourgogne;1;8;Août;13,6;25,5;56,4;7;244
89;Yonne;Bourgogne;1;9;Septembre;10,7;21,3;60,9;9;171
89;Yonne;Bourgogne;1;10;Octobre;7,5;15,9;70,8;10;111
89;Yonne;Bourgogne;1;11;Novembre;3,4;9,8;61,8;11;68
89;Yonne;Bourgogne;1;12;Décembre;1,7;6,9;60,4;11;51
22;Côtes d'Armor;Bretagne;2;1;Janvier;3,2;8,1;73,1;15;62
22;Côtes d'Armor;Bretagne;2;2;Février;3;9,1;61,4;13;74
22;Côtes d'Armor;Bretagne;2;3;Mars;4;10,6;46,6;13;115
22;Côtes d'Armor;Bretagne;2;4;Avril;5;12,1;71,2;11;136
22;Côtes d'Armor;Bretagne;2;5;Mai;7,9;15,5;55,5;11;177
22;Côtes d'Armor;Bretagne;2;6;Juin;10,3;18,2;53,5;8;186
22;Côtes d'Armor;Bretagne;2;7;Juillet;12,6;20,7;36,1;7;188
22;Côtes d'Armor;Bretagne;2;8;Août;12,6;21,1;39,4;8;185
22;Côtes d'Armor;Bretagne;2;9;Septembre;11;18,7;71,2;11;150
22;Côtes d'Armor;Bretagne;2;10;Octobre;8,6;15,3;74;14;105
22;Côtes d'Armor;Bretagne;2;11;Novembre;5,6;11,5;72,1;14;77
22;Côtes d'Armor;Bretagne;2;12;Décembre;4,1;9,3;84,5;16;57
29;Finistère;Bretagne;2;1;Janvier;4,2;9,1;138,4;18;59
29;Finistère;Bretagne;2;2;Février;4,2;9,4;115,8;15;73
29;Finistère;Bretagne;2;3;Mars;5,1;11;97,5;15;116
29;Finistère;Bretagne;2;4;Avril;5,8;12,5;81,8;12;141
29;Finistère;Bretagne;2;5;Mai;8,5;15,6;72,6;11;181
29;Finistère;Bretagne;2;6;Juin;10,8;18,1;56,4;9;186
29;Finistère;Bretagne;2;7;Juillet;12,8;20,4;50,9;9;179
29;Finistère;Bretagne;2;8;Août;13;20,6;60,4;9;181
29;Finistère;Bretagne;2;9;Septembre;11,4;18,7;89,2;11;147
29;Finistère;Bretagne;2;10;Octobre;9,3;15,3;119,1;15;105
29;Finistère;Bretagne;2;11;Novembre;6,5;11,9;121;16;68
29;Finistère;Bretagne;2;12;Décembre;5,2;10;141,6;17;54
35;Ille-et-Vilaine;Bretagne;2;1;Janvier;2,7;8,3;65,1;12;67
35;Ille-et-Vilaine;Bretagne;2;2;Février;2,8;9,5;56;11;77
35;Ille-et-Vilaine;Bretagne;2;3;Mars;4,1;12,3;49,4;10;121
35;Ille-et-Vilaine;Bretagne;2;4;Avril;5,4;14,4;47,9;10;142
35;Ille-et-Vilaine;Bretagne;2;5;Mai;8,9;18,3;65,1;10;187
35;Ille-et-Vilaine;Bretagne;2;6;Juin;11,4;21,4;48,6;8;199
35;Ille-et-Vilaine;Bretagne;2;7;Juillet;13,5;24;45,9;7;204
35;Ille-et-Vilaine;Bretagne;2;8;Août;13,4;24,1;38,1;6;213
35;Ille-et-Vilaine;Bretagne;2;9;Septembre;11,3;21,2;61,2;9;160
35;Ille-et-Vilaine;Bretagne;2;10;Octobre;8,5;16,5;64;10;117
35;Ille-et-Vilaine;Bretagne;2;11;Novembre;5,1;11,7;65,2;11;79
35;Ille-et-Vilaine;Bretagne;2;12;Décembre;3,6;9,2;70,4;12;59
56;Morbihan;Bretagne;2;1;Janvier;3,5;9,1;106,7;15;65
56;Morbihan;Bretagne;2;2;Février;3,5;9,8;87,7;12;86
56;Morbihan;Bretagne;2;3;Mars;4,5;11,9;69,3;12;133
56;Morbihan;Bretagne;2;4;Avril;5,7;13,9;63;11;167
56;Morbihan;Bretagne;2;5;Mai;8,9;17,2;73,3;11;202
56;Morbihan;Bretagne;2;6;Juin;11,1;19,9;50,9;8;214
56;Morbihan;Bretagne;2;7;Juillet;13,2;22,3;49,4;7;221
56;Morbihan;Bretagne;2;8;Août;13,1;22,4;44,7;7;223
56;Morbihan;Bretagne;2;9;Septembre;11,3;20,1;78,4;10;175
56;Morbihan;Bretagne;2;10;Octobre;8,9;16,2;95;13;112
56;Morbihan;Bretagne;2;11;Novembre;5,7;12,3;94,7;13;78
56;Morbihan;Bretagne;2;12;Décembre;4,5;10,1;114,3;14;60
18;Cher;Centre;2;1;Janvier;0,9;6,6;56,1;12;65
18;Cher;Centre;2;2;Février;1,2;8,4;58,2;10;89
18;Cher;Centre;2;3;Mars;3;12;53;10;152
18;Cher;Centre;2;4;Avril;4,8;14,6;58,3;10;166
18;Cher;Centre;2;5;Mai;8,7;18,9;78,5;12;217
18;Cher;Centre;2;6;Juin;11,5;22,1;58,8;9;210
18;Cher;Centre;2;7;Juillet;13,8;25,5;59,8;8;237
18;Cher;Centre;2;8;Août;13,6;25,4;50,8;7;246
18;Cher;Centre;2;9;Septembre;10,8;21,6;62,6;9;175
18;Cher;Centre;2;10;Octobre;7,6;16,3;66,7;10;112
18;Cher;Centre;2;11;Novembre;3,5;10,4;64,1;11;69
18;Cher;Centre;2;12;Décembre;1,8;7,5;65,7;11;49
28;Eure-et-Loir;Centre;1;1;Janvier;1;6,1;47,6;10;65
28;Eure-et-Loir;Centre;1;2;Février;1,1;7,4;44,3;9;81
28;Eure-et-Loir;Centre;1;3;Mars;3;11;42,8;10;130
28;Eure-et-Loir;Centre;1;4;Avril;4,4;13,8;47,1;10;156
28;Eure-et-Loir;Centre;1;5;Mai;8;17,9;58,2;10;206
28;Eure-et-Loir;Centre;1;6;Juin;10,8;20,9;49,1;8;202
28;Eure-et-Loir;Centre;1;7;Juillet;12,8;24;57,1;8;222
28;Eure-et-Loir;Centre;1;8;Août;12,7;24,3;37,6;6;234
28;Eure-et-Loir;Centre;1;9;Septembre;10,2;20,5;54;8;166
28;Eure-et-Loir;Centre;1;10;Octobre;7,2;15,4;56,3;9;113
28;Eure-et-Loir;Centre;1;11;Novembre;3,6;9,8;49,3;10;71
28;Eure-et-Loir;Centre;1;12;Décembre;2;6,9;54,9;11;47
36;Indre;Centre;2;1;Janvier;1,1;6,8;57,3;11;71
36;Indre;Centre;2;2;Février;1,3;8,6;58,1;10;96
36;Indre;Centre;2;3;Mars;3,1;12;54,7;10;158
36;Indre;Centre;2;4;Avril;4,8;14,6;59,8;10;174
36;Indre;Centre;2;5;Mai;8,7;18,9;77,3;12;217
36;Indre;Centre;2;6;Juin;11,6;22,1;55,1;9;205
36;Indre;Centre;2;7;Juillet;13,8;25,4;54,7;7;231
36;Indre;Centre;2;8;Août;13,8;25,3;49,5;7;250
36;Indre;Centre;2;9;Septembre;11,1;21,6;68,1;8;181
36;Indre;Centre;2;10;Octobre;7,8;16,4;70,1;11;120
36;Indre;Centre;2;11;Novembre;3,6;10,6;65,2;10;81
36;Indre;Centre;2;12;Décembre;2;7,8;67,8;11;55
37;Indre-et-Loire;Centre;2;1;Janvier;1,8;7;64,4;12;69
37;Indre-et-Loire;Centre;2;2;Février;2;8,5;62,9;11;92
37;Indre-et-Loire;Centre;2;3;Mars;3,6;11,9;50,7;10;143
37;Indre-et-Loire;Centre;2;4;Avril;5,1;14,5;55,5;10;166
37;Indre-et-Loire;Centre;2;5;Mai;8,7;18,6;64,4;11;211
37;Indre-et-Loire;Centre;2;6;Juin;11,5;21,9;46,7;7;215
37;Indre-et-Loire;Centre;2;7;Juillet;13,5;25;53,4;7;239
37;Indre-et-Loire;Centre;2;8;Août;13,3;25,2;40,1;6;254
37;Indre-et-Loire;Centre;2;9;Septembre;10,9;21,5;55,8;8;169
37;Indre-et-Loire;Centre;2;10;Octobre;7,9;16,3;63,4;10;113
37;Indre-et-Loire;Centre;2;11;Novembre;4;10,6;65;11;78
37;Indre-et-Loire;Centre;2;12;Décembre;2,7;7,8;72,1;12;50
41;Loir-et-Cher;Centre;2;1;Janvier;1,8;7,5;67;11;65
41;Loir-et-Cher;Centre;2;2;Février;1,7;9;58,9;10;91
41;Loir-et-Cher;Centre;2;3;Mars;3,3;12,3;52,9;11;133
41;Loir-et-Cher;Centre;2;4;Avril;5;14,9;53,6;10;157
41;Loir-et-Cher;Centre;2;5;Mai;8,8;18,9;61,2;10;202
41;Loir-et-Cher;Centre;2;6;Juin;11,7;22,2;48,2;8;209
41;Loir-et-Cher;Centre;2;7;Juillet;13,7;24,9;53,3;7;229
41;Loir-et-Cher;Centre;2;8;Août;13,3;25,1;40,6;6;240
41;Loir-et-Cher;Centre;2;9;Septembre;10,6;21,5;60,8;9;166
41;Loir-et-Cher;Centre;2;10;Octobre;7,8;16,5;58,4;10;114
41;Loir-et-Cher;Centre;2;11;Novembre;4;11;61;10;70
41;Loir-et-Cher;Centre;2;12;Décembre;2,6;8,4;70,9;12;53
45;Loiret;Centre;1;1;Janvier;0,9;6,4;52,1;11;65
45;Loiret;Centre;1;2;Février;1,1;7,9;49,6;10;88
45;Loiret;Centre;1;3;Mars;2,8;11,6;46,7;10;136
45;Loiret;Centre;1;4;Avril;4,4;14,4;48,9;10;160
45;Loiret;Centre;1;5;Mai;8,3;18,6;67,3;11;211
45;Loiret;Centre;1;6;Juin;11;21,7;45,4;8;195
45;Loiret;Centre;1;7;Juillet;13,1;24,8;54,2;7;217
45;Loiret;Centre;1;8;Août;12,9;25;39,8;6;237
45;Loiret;Centre;1;9;Septembre;10,3;21,2;56,1;9;166
45;Loiret;Centre;1;10;Octobre;7,4;15,9;61,9;10;113
45;Loiret;Centre;1;11;Novembre;3,5;10,1;55,9;10;73
45;Loiret;Centre;1;12;Décembre;2;7,2;57,8;11;49
8;Ardennes;Champagne-Ardenne;1;1;Janvier;-0,4;4,9;101,4;14;52
8;Ardennes;Champagne-Ardenne;1;2;Février;-0,6;6,4;83,4;11;61
8;Ardennes;Champagne-Ardenne;1;3;Mars;1,7;10,6;62,5;13;111
8;Ardennes;Champagne-Ardenne;1;4;Avril;3,4;14;66,1;11;145
8;Ardennes;Champagne-Ardenne;1;5;Mai;7,3;18,7;53,7;11;184
8;Ardennes;Champagne-Ardenne;1;6;Juin;10,3;21,3;66,3;11;182
8;Ardennes;Champagne-Ardenne;1;7;Juillet;12,1;23,8;67,6;9;195
8;Ardennes;Champagne-Ardenne;1;8;Août;11,6;23,8;57,2;8;210
8;Ardennes;Champagne-Ardenne;1;9;Septembre;9;19,6;76,6;10;129
8;Ardennes;Champagne-Ardenne;1;10;Octobre;6;14,5;87;11;91
8;Ardennes;Champagne-Ardenne;1;11;Novembre;2,2;8,5;88,3;12;47
8;Ardennes;Champagne-Ardenne;1;12;Décembre;0,8;5,9;126,5;14;35
10;Aube;Champagne-Ardenne;1;1;Janvier;-0,3;5,8;51,3;11;65
10;Aube;Champagne-Ardenne;1;2;Février;-0,2;7,5;47,4;10;82
10;Aube;Champagne-Ardenne;1;3;Mars;2;11,6;51;11;139
10;Aube;Champagne-Ardenne;1;4;Avril;3,3;14,5;50,8;10;169
10;Aube;Champagne-Ardenne;1;5;Mai;7,3;19;60,7;11;221
10;Aube;Champagne-Ardenne;1;6;Juin;10,4;22,1;58,1;10;215
10;Aube;Champagne-Ardenne;1;7;Juillet;12,4;25,2;47,6;7;232
10;Aube;Champagne-Ardenne;1;8;Août;12;25,2;48,6;7;245
10;Aube;Champagne-Ardenne;1;9;Septembre;9,4;21,1;55;8;172
10;Aube;Champagne-Ardenne;1;10;Octobre;6,5;16;64,4;10;114
10;Aube;Champagne-Ardenne;1;11;Novembre;2,5;9,7;52,1;10;67
10;Aube;Champagne-Ardenne;1;12;Décembre;1;6,9;64,4;11;49
51;Marne;Champagne-Ardenne;1;1;Janvier;0,1;5,5;44,1;11;63
51;Marne;Champagne-Ardenne;1;2;Février;0;7;39,5;9;73
51;Marne;Champagne-Ardenne;1;3;Mars;2,3;10,8;50,5;11;128
51;Marne;Champagne-Ardenne;1;4;Avril;3,7;14;45,4;10;163
51;Marne;Champagne-Ardenne;1;5;Mai;7,7;18,4;58,8;10;214
51;Marne;Champagne-Ardenne;1;6;Juin;10,5;21,3;58,2;10;218
51;Marne;Champagne-Ardenne;1;7;Juillet;12,4;24,1;56,4;8;229
51;Marne;Champagne-Ardenne;1;8;Août;12,2;24,2;48,4;7;239
51;Marne;Champagne-Ardenne;1;9;Septembre;9,5;20,1;53,2;9;156
51;Marne;Champagne-Ardenne;1;10;Octobre;6,6;15,1;54,9;9;108
51;Marne;Champagne-Ardenne;1;11;Novembre;2,9;9,3;52;10;66
51;Marne;Champagne-Ardenne;1;12;Décembre;1,4;6,6;56,5;11;47
52;Haute-Marne;Champagne-Ardenne;1;1;Janvier;0,2;5,9;74;13;65
52;Haute-Marne;Champagne-Ardenne;1;2;Février;0,3;7,5;62,5;11;83
52;Haute-Marne;Champagne-Ardenne;1;3;Mars;2,6;11,4;66,9;12;130
52;Haute-Marne;Champagne-Ardenne;1;4;Avril;4,3;14,7;56,8;11;159
52;Haute-Marne;Champagne-Ardenne;1;5;Mai;8,6;19,3;72,4;12;208
52;Haute-Marne;Champagne-Ardenne;1;6;Juin;11,5;22,2;72,8;11;208
52;Haute-Marne;Champagne-Ardenne;1;7;Juillet;13,5;24,9;72,2;9;226
52;Haute-Marne;Champagne-Ardenne;1;8;Août;13,3;24,8;64,2;8;236
52;Haute-Marne;Champagne-Ardenne;1;9;Septembre;10,3;20,7;74,2;10;158
52;Haute-Marne;Champagne-Ardenne;1;10;Octobre;7,2;15,6;78,8;12;107
52;Haute-Marne;Champagne-Ardenne;1;11;Novembre;3;9,6;74,6;12;59
52;Haute-Marne;Champagne-Ardenne;1;12;Décembre;1,4;6,9;87,6;13;43
2A;Corse-du-Sud;Corse;3;1;Janvier;4,1;13,6;61,8;8;144
2A;Corse-du-Sud;Corse;3;2;Février;4,2;13,9;56,4;7;159
2A;Corse-du-Sud;Corse;3;3;Mars;5,4;15,2;57,2;8;218
2A;Corse-du-Sud;Corse;3;4;Avril;7,3;17,3;63,8;8;211
2A;Corse-du-Sud;Corse;3;5;Mai;11;21,1;38,8;6;290
2A;Corse-du-Sud;Corse;3;6;Juin;15,4;25,2;23,2;3;284
2A;Corse-du-Sud;Corse;3;7;Juillet;16,7;27,7;9,7;1;360
2A;Corse-du-Sud;Corse;3;8;Août;17,2;28,3;20,2;3;333
2A;Corse-du-Sud;Corse;3;9;Septembre;14,8;25,6;53,7;5;251
2A;Corse-du-Sud;Corse;3;10;Octobre;11,7;21,8;92;8;188
2A;Corse-du-Sud;Corse;3;11;Novembre;7,7;17,4;94,9;8;132
2A;Corse-du-Sud;Corse;3;12;Décembre;5,2;14,7;67,6;8;120
2B;Haute-Corse;Corse;3;1;Janvier;5,3;13,7;71,8;7;141
2B;Haute-Corse;Corse;3;2;Février;5,3;13,9;79,7;6;160
2B;Haute-Corse;Corse;3;3;Mars;6,7;15,4;72,6;7;198
2B;Haute-Corse;Corse;3;4;Avril;8,5;17,3;82,5;7;199
2B;Haute-Corse;Corse;3;5;Mai;12;21,4;48,8;6;266
2B;Haute-Corse;Corse;3;6;Juin;14,1;24,7;40,3;4;318
2B;Haute-Corse;Corse;3;7;Juillet;18,5;28,5;14,4;2;333
2B;Haute-Corse;Corse;3;8;Août;19;28,8;35;3;302
2B;Haute-Corse;Corse;3;9;Septembre;16,2;25,5;76,6;5;224
2B;Haute-Corse;Corse;3;10;Octobre;12,8;21,6;125,4;7;173
2B;Haute-Corse;Corse;3;11;Novembre;8,8;17,2;100,4;8;126
2B;Haute-Corse;Corse;3;12;Décembre;6,3;14,7;87,1;7;127
25;Doubs;Franche-Comté;1;1;Janvier;-0,8;5;88,8;13;78
25;Doubs;Franche-Comté;1;2;Février;0;7;82,9;12;94
25;Doubs;Franche-Comté;1;3;Mars;2,5;11;77,6;12;139
25;Doubs;Franche-Comté;1;4;Avril;4,5;14,3;94,3;12;163
25;Doubs;Franche-Comté;1;5;Mai;8,7;19;109,7;14;213
25;Doubs;Franche-Comté;1;6;Juin;11,7;21,9;101,7;12;214
25;Doubs;Franche-Comté;1;7;Juillet;13,9;24,8;85,1;10;242
25;Doubs;Franche-Comté;1;8;Août;13,6;24,6;78,1;9;246
25;Doubs;Franche-Comté;1;9;Septembre;10,6;20,7;103,1;10;167
25;Doubs;Franche-Comté;1;10;Octobre;7;15,4;105,2;12;117
25;Doubs;Franche-Comté;1;11;Novembre;2,4;8,9;107,1;13;69
25;Doubs;Franche-Comté;1;12;Décembre;0,3;5,8;103,9;13;55
39;Jura;Franche-Comté;1;1;Janvier;-0,1;5,3;62,5;11;59
39;Jura;Franche-Comté;1;2;Février;0,9;7,6;57,8;10;89
39;Jura;Franche-Comté;1;3;Mars;3,1;11,8;50,8;9;155
39;Jura;Franche-Comté;1;4;Avril;5,3;14,8;67,7;10;176
39;Jura;Franche-Comté;1;5;Mai;9,4;19,5;82,8;11;220
39;Jura;Franche-Comté;1;6;Juin;12,6;22,9;76,9;10;233
39;Jura;Franche-Comté;1;7;Juillet;14,9;26,1;63,8;8;268
39;Jura;Franche-Comté;1;8;Août;14,5;25,8;63,8;8;253
39;Jura;Franche-Comté;1;9;Septembre;11,1;21,6;86,7;8;177
39;Jura;Franche-Comté;1;10;Octobre;7,6;15,7;81,6;10;99
39;Jura;Franche-Comté;1;11;Novembre;3;9,3;75,6;10;66
39;Jura;Franche-Comté;1;12;Décembre;1,1;6,2;69,8;11;52
70;Haute-Saône;Franche-Comté;1;1;Janvier;-0,7;4,7;57,3;11;61
70;Haute-Saône;Franche-Comté;1;2;Février;0;7;50;9;91
70;Haute-Saône;Franche-Comté;1;3;Mars;2,5;11,4;47,3;10;148
70;Haute-Saône;Franche-Comté;1;4;Avril;4,7;14,6;51,9;9;172
70;Haute-Saône;Franche-Comté;1;5;Mai;9;19,1;86,8;12;218
70;Haute-Saône;Franche-Comté;1;6;Juin;12;22,4;64,7;9;220
70;Haute-Saône;Franche-Comté;1;7;Juillet;14,3;25,6;61;8;247
70;Haute-Saône;Franche-Comté;1;8;Août;14,2;25,3;58,4;8;246
70;Haute-Saône;Franche-Comté;1;9;Septembre;10,8;21,1;68,3;8;172
70;Haute-Saône;Franche-Comté;1;10;Octobre;7,1;15,1;64,9;10;100
70;Haute-Saône;Franche-Comté;1;11;Novembre;2,5;8,7;69,8;11;63
70;Haute-Saône;Franche-Comté;1;12;Décembre;0,4;5,5;64,1;11;51
90;Territoire-de-Belfort;Franche-Comté;1;1;Janvier;-2,1;4,9;88,4;13;69
90;Territoire-de-Belfort;Franche-Comté;1;2;Février;-1,7;7,1;78,5;11;90
90;Territoire-de-Belfort;Franche-Comté;1;3;Mars;0,8;11,3;74,2;12;137
90;Territoire-de-Belfort;Franche-Comté;1;4;Avril;2,8;14,8;71,2;11;160
90;Territoire-de-Belfort;Franche-Comté;1;5;Mai;7,2;19,6;93,9;13;211
90;Territoire-de-Belfort;Franche-Comté;1;6;Juin;10,2;22,5;94,4;12;213
90;Territoire-de-Belfort;Franche-Comté;1;7;Juillet;12,3;25,2;84,8;10;238
90;Territoire-de-Belfort;Franche-Comté;1;8;Août;12;25,1;77,3;10;239
90;Territoire-de-Belfort;Franche-Comté;1;9;Septembre;8,8;21;83,8;10;163
90;Territoire-de-Belfort;Franche-Comté;1;10;Octobre;5,4;15,5;93;12;110
90;Territoire-de-Belfort;Franche-Comté;1;11;Novembre;1,1;9;104;12;63
90;Territoire-de-Belfort;Franche-Comté;1;12;Décembre;-1;5,7;104,2;13;50
27;Eure;Haute-Normandie;1;1;Janvier;0,9;6,3;48,5;11;69
27;Eure;Haute-Normandie;1;2;Février;0/9;7,4;43;9;73
27;Eure;Haute-Normandie;1;3;Mars;2,7;10,8;45,6;10;119
27;Eure;Haute-Normandie;1;4;Avril;4,1;13,4;45,6;10;153
27;Eure;Haute-Normandie;1;5;Mai;7,7;17,4;59,2;11;198
27;Eure;Haute-Normandie;1;6;Juin;10,3;20,3;54,3;8;187
27;Eure;Haute-Normandie;1;7;Juillet;12,4;23,3;53,1;8;216
27;Eure;Haute-Normandie;1;8;Août;12,3;23,6;37,3;6;225
27;Eure;Haute-Normandie;1;9;Septembre;9,9;20;56,2;9;163
27;Eure;Haute-Normandie;1;10;Octobre;7,1;15,2;55,5;10;124
27;Eure;Haute-Normandie;1;11;Novembre;3,3;9,9;53,1;11;79
27;Eure;Haute-Normandie;1;12;Décembre;1,8;7,1;60,3;12;56
76;Seine-Maritime;Haute-Normandie;1;1;Janvier;0/9;6;71,5;12;62
76;Seine-Maritime;Haute-Normandie;1;2;Février;1;7;57;10;79
76;Seine-Maritime;Haute-Normandie;1;3;Mars;2,8;10,2;61,8;12;112
76;Seine-Maritime;Haute-Normandie;1;4;Avril;4,2;12,8;55,6;11;142
76;Seine-Maritime;Haute-Normandie;1;5;Mai;7,7;16,8;72,3;12;186
76;Seine-Maritime;Haute-Normandie;1;6;Juin;10,3;19,5;63,3;10;203
76;Seine-Maritime;Haute-Normandie;1;7;Juillet;12,4;22,2;62,1;9;196
76;Seine-Maritime;Haute-Normandie;1;8;Août;12,4;22,4;58;8;203
76;Seine-Maritime;Haute-Normandie;1;9;Septembre;10,1;19;72,2;10;144
76;Seine-Maritime;Haute-Normandie;1;10;Octobre;7,3;14,5;75,9;11;105
76;Seine-Maritime;Haute-Normandie;1;11;Novembre;3,6;9,4;81,6;13;65
76;Seine-Maritime;Haute-Normandie;1;12;Décembre;1,9;6,8;89,3;13;43
75;Paris;Ile-de-France;1;1;Janvier;2,5;6,9;53,7;10;62
75;Paris;Ile-de-France;1;2;Février;2,8;8,2;43,7;9;80
75;Paris;Ile-de-France;1;3;Mars;5,1;11,8;48,5;10;122
75;Paris;Ile-de-France;1;4;Avril;6,8;14,7;53;9;147
75;Paris;Ile-de-France;1;5;Mai;10,5;19;65;10;203
75;Paris;Ile-de-France;1;6;Juin;13,3;21,8;54,6;9;189
75;Paris;Ile-de-France;1;7;Juillet;15,5;24,4;63,1;8;211
75;Paris;Ile-de-France;1;8;Août;15,4;24,6;43;7;229
75;Paris;Ile-de-France;1;9;Septembre;12,5;20,8;54,7;9;159
75;Paris;Ile-de-France;1;10;Octobre;9,2;15,2;59,7;10;114
75;Paris;Ile-de-France;1;11;Novembre;5,3;10,4;51,9;10;69
75;Paris;Ile-de-France;1;12;Décembre;3,6;7,8;58,7;11;46
77;Seine-et-Marne;Ile-de-France;1;1;Janvier;0,8;6,2;55,1;11;66
77;Seine-et-Marne;Ile-de-France;1;2;Février;0,9;7,7;48,6;10;79
77;Seine-et-Marne;Ile-de-France;1;3;Mars;2,8;11,6;55;11;132
77;Seine-et-Marne;Ile-de-France;1;4;Avril;4,5;14,6;51,9;10;160
77;Seine-et-Marne;Ile-de-France;1;5;Mai;8,3;18,9;64,6;11;219
77;Seine-et-Marne;Ile-de-France;1;6;Juin;11;21,8;56,4;9;212
77;Seine-et-Marne;Ile-de-France;1;7;Juillet;12,9;24,6;58,5;8;230
77;Seine-et-Marne;Ile-de-France;1;8;Août;12,7;24,9;47,2;8;236
77;Seine-et-Marne;Ile-de-France;1;9;Septembre;10;21;58,2;9;166
77;Seine-et-Marne;Ile-de-France;1;10;Octobre;7,1;15,8;63,2;10;112
77;Seine-et-Marne;Ile-de-France;1;11;Novembre;3,3;10;58;11;71
77;Seine-et-Marne;Ile-de-France;1;12;Décembre;1,9;7,1;61;11;49
78;Yvelines;Ile-de-France;1;1;Janvier;1,1;6,1;61,6;11;62
78;Yvelines;Ile-de-France;1;2;Février;1,2;7,4;51,9;10;81
78;Yvelines;Ile-de-France;1;3;Mars;3,2;10,9;53,8;11;129
78;Yvelines;Ile-de-France;1;4;Avril;4,9;13,8;55,1;10;150
78;Yvelines;Ile-de-France;1;5;Mai;8,6;17,9;68,1;11;202
78;Yvelines;Ile-de-France;1;6;Juin;11,4;20,8;52;9;197
78;Yvelines;Ile-de-France;1;7;Juillet;13,6;23,6;59,8;8;216
78;Yvelines;Ile-de-France;1;8;Août;13,4;23,9;47,4;7;234
78;Yvelines;Ile-de-France;1;9;Septembre;10,7;20,1;57;9;164
78;Yvelines;Ile-de-France;1;10;Octobre;7,6;15,2;63,3;10;115
78;Yvelines;Ile-de-France;1;11;Novembre;3,8;9,7;58,8;11;69
78;Yvelines;Ile-de-France;1;12;Décembre;2,2;6,9;66,6;12;45
91;Essonne;Ile-de-France;1;1;Janvier;1,1;6,1;61,6;11;62
91;Essonne;Ile-de-France;1;2;Février;1,2;7,4;51,9;10;81
91;Essonne;Ile-de-France;1;3;Mars;3,2;10,9;53,8;11;129
91;Essonne;Ile-de-France;1;4;Avril;4,9;13,8;55,1;10;150
91;Essonne;Ile-de-France;1;5;Mai;8,6;17,9;68,1;11;202
91;Essonne;Ile-de-France;1;6;Juin;11,4;20,8;52;9;197
91;Essonne;Ile-de-France;1;7;Juillet;13,6;23,6;59,8;8;216
91;Essonne;Ile-de-France;1;8;Août;13,4;23,9;47,4;7;234
91;Essonne;Ile-de-France;1;9;Septembre;10,7;20,1;57;9;164
91;Essonne;Ile-de-France;1;10;Octobre;7,6;15,2;63,3;10;115
91;Essonne;Ile-de-France;1;11;Novembre;3,8;9,7;58,8;11;69
91;Essonne;Ile-de-France;1;12;Décembre;2,2;6,9;66,6;12;45
92;Hauts-de-Seine;Ile-de-France;1;1;Janvier;1,1;6,1;61,6;11;62
92;Hauts-de-Seine;Ile-de-France;1;2;Février;1,2;7,4;51,9;10;81
92;Hauts-de-Seine;Ile-de-France;1;3;Mars;3,2;10,9;53,8;11;129
92;Hauts-de-Seine;Ile-de-France;1;4;Avril;4,9;13,8;55,1;10;150
92;Hauts-de-Seine;Ile-de-France;1;5;Mai;8,6;17,9;68,1;11;202
92;Hauts-de-Seine;Ile-de-France;1;6;Juin;11,4;20,8;52;9;197
92;Hauts-de-Seine;Ile-de-France;1;7;Juillet;13,6;23,6;59,8;8;216
92;Hauts-de-Seine;Ile-de-France;1;8;Août;13,4;23,9;47,4;7;234
92;Hauts-de-Seine;Ile-de-France;1;9;Septembre;10,7;20,1;57;9;164
92;Hauts-de-Seine;Ile-de-France;1;10;Octobre;7,6;15,2;63,3;10;115
92;Hauts-de-Seine;Ile-de-France;1;11;Novembre;3,8;9,7;58,8;11;69
92;Hauts-de-Seine;Ile-de-France;1;12;Décembre;2,2;6,9;66,6;12;45
93;Seine-Saint-Denis;Ile-de-France;1;1;Janvier;0,8;6,3;60,1;12;60
93;Seine-Saint-Denis;Ile-de-France;1;2;Février;0,8;7,5;45;11;80
93;Seine-Saint-Denis;Ile-de-France;1;3;Mars;2,7;11;52,5;10;125
93;Seine-Saint-Denis;Ile-de-France;1;4;Avril;4,1;14,1;46,3;10;150
93;Seine-Saint-Denis;Ile-de-France;1;5;Mai;7,8;18,2;65,6;11;200
93;Seine-Saint-Denis;Ile-de-France;1;6;Juin;10,3;21,1;62,4;10;190
93;Seine-Saint-Denis;Ile-de-France;1;7;Juillet;12,5;24;58,5;8;215
93;Seine-Saint-Denis;Ile-de-France;1;8;Août;12,3;24,2;48,9;8;230
93;Seine-Saint-Denis;Ile-de-France;1;9;Septembre;9,8;20,2;57,5;10;160
93;Seine-Saint-Denis;Ile-de-France;1;10;Octobre;7;15,1;66,4;11;113
93;Seine-Saint-Denis;Ile-de-France;1;11;Novembre;3,4;9,6;59,3;12;69
93;Seine-Saint-Denis;Ile-de-France;1;12;Décembre;1,7;6,6;66,9;12;45
94;Val-de-Marne;Ile-de-France;1;1;Janvier;0,8;6,2;55,1;11;66
94;Val-de-Marne;Ile-de-France;1;2;Février;0,9;7,7;48,6;10;79
94;Val-de-Marne;Ile-de-France;1;3;Mars;2,8;11,6;55;11;132
94;Val-de-Marne;Ile-de-France;1;4;Avril;4,5;14,6;51,9;10;160
94;Val-de-Marne;Ile-de-France;1;5;Mai;8,3;18,9;64,6;11;219
94;Val-de-Marne;Ile-de-France;1;6;Juin;11;21,8;56,4;9;212
94;Val-de-Marne;Ile-de-France;1;7;Juillet;12,9;24,6;58,5;8;230
94;Val-de-Marne;Ile-de-France;1;8;Août;12,7;24,9;47,2;8;236
94;Val-de-Marne;Ile-de-France;1;9;Septembre;10;21;58,2;9;166
94;Val-de-Marne;Ile-de-France;1;10;Octobre;7,1;15,8;63,2;10;112
94;Val-de-Marne;Ile-de-France;1;11;Novembre;3,3;10;58;11;71
94;Val-de-Marne;Ile-de-France;1;12;Décembre;1,9;7,1;61;11;49
95;Val-d'Oise;Ile-de-France;1;1;Janvier;0,8;6,3;60,1;12;60
95;Val-d'Oise;Ile-de-France;1;2;Février;0,8;7,5;45;11;80
95;Val-d'Oise;Ile-de-France;1;3;Mars;2,7;11;52,5;10;125
95;Val-d'Oise;Ile-de-France;1;4;Avril;4,1;14,1;46,3;10;150
95;Val-d'Oise;Ile-de-France;1;5;Mai;7,8;18,2;65,6;11;200
95;Val-d'Oise;Ile-de-France;1;6;Juin;10,3;21,1;62,4;10;190
95;Val-d'Oise;Ile-de-France;1;7;Juillet;12,5;24;58,5;8;215
95;Val-d'Oise;Ile-de-France;1;8;Août;12,3;24,2;48,9;8;230
95;Val-d'Oise;Ile-de-France;1;9;Septembre;9,8;20,2;57,5;10;160
95;Val-d'Oise;Ile-de-France;1;10;Octobre;7;15,1;66,4;11;113
95;Val-d'Oise;Ile-de-France;1;11;Novembre;3,4;9,6;59,3;12;69
95;Val-d'Oise;Ile-de-France;1;12;Décembre;1,7;6,6;66,9;12;45
11;Aude;Languedoc-Roussillon;3;1;Janvier;3;9,5;68,2;10;100
11;Aude;Languedoc-Roussillon;3;2;Février;3,9;11,2;61,1;9;124
11;Aude;Languedoc-Roussillon;3;3;Mars;5,3;13,9;63,9;9;181
11;Aude;Languedoc-Roussillon;3;4;Avril;7,3;16,2;74;10;190
11;Aude;Languedoc-Roussillon;3;5;Mai;11;20,3;62,7;8;220
11;Aude;Languedoc-Roussillon;3;6;Juin;14;24,4;50,8;6;220
11;Aude;Languedoc-Roussillon;3;7;Juillet;16,5;28;30,9;5;272
11;Aude;Languedoc-Roussillon;3;8;Août;16,7;27,6;47,7;5;259
11;Aude;Languedoc-Roussillon;3;9;Septembre;13,8;24,1;45,4;6;208
11;Aude;Languedoc-Roussillon;3;10;Octobre;10,6;18,7;61,5;8;141
11;Aude;Languedoc-Roussillon;3;11;Novembre;6,2;13,1;56,8;8;101
11;Aude;Languedoc-Roussillon;3;12;Décembre;4,1;10,5;64,4;9;90
30;Gard;Languedoc-Roussillon;3;1;Janvier;1,7;9,8;55,4;6;140
30;Gard;Languedoc-Roussillon;3;2;Février;2,7;11,7;48,5;6;160
30;Gard;Languedoc-Roussillon;3;3;Mars;4,9;15,2;56;6;215
30;Gard;Languedoc-Roussillon;3;4;Avril;7,3;17,7;67,2;7;210
30;Gard;Languedoc-Roussillon;3;5;Mai;11,3;22,5;70,5;7;240
30;Gard;Languedoc-Roussillon;3;6;Juin;14,7;26,3;42,9;5;280
30;Gard;Languedoc-Roussillon;3;7;Juillet;17,5;30;36,1;3;300
30;Gard;Languedoc-Roussillon;3;8;Août;17,1;29,5;49,4;4;267
30;Gard;Languedoc-Roussillon;3;9;Septembre;13,9;25;76,5;5;220
30;Gard;Languedoc-Roussillon;3;10;Octobre;9,9;19,4;106,8;7;150
30;Gard;Languedoc-Roussillon;3;11;Novembre;5,2;13,3;62;6;115
30;Gard;Languedoc-Roussillon;3;12;Décembre;2,6;10,4;51,1;7;105
34;Hérault;Languedoc-Roussillon;3;1;Janvier;2,7;11,5;72,6;7;142
34;Hérault;Languedoc-Roussillon;3;2;Février;3,6;12,8;54;5;169
34;Hérault;Languedoc-Roussillon;3;3;Mars;5,5;15,5;45,5;5;226
34;Hérault;Languedoc-Roussillon;3;4;Avril;8;17,6;58,4;6;222
34;Hérault;Languedoc-Roussillon;3;5;Mai;11,8;21,3;46,8;5;264
34;Hérault;Languedoc-Roussillon;3;6;Juin;15,1;25,6;32,7;4;301
34;Hérault;Languedoc-Roussillon;3;7;Juillet;17,9;28,9;20,1;3;338
34;Hérault;Languedoc-Roussillon;3;8;Août;17,8;28,4;37,6;4;292
34;Hérault;Languedoc-Roussillon;3;9;Septembre;14,5;24,8;61,9;4;232
34;Hérault;Languedoc-Roussillon;3;10;Octobre;10,9;20,1;101,1;7;169
34;Hérault;Languedoc-Roussillon;3;11;Novembre;6,2;14,9;59,7;5;139
34;Hérault;Languedoc-Roussillon;3;12;Décembre;3,8;12,3;64,2;6;123
48;Lozère;Languedoc-Roussillon;2;1;Janvier;-3,6;0,8;216,13;13;100
48;Lozère;Languedoc-Roussillon;2;2;Février;-3,6;0,7;168,2;12;115
48;Lozère;Languedoc-Roussillon;2;3;Mars;-2,4;2,4;135,2;11;160
48;Lozère;Languedoc-Roussillon;2;4;Avril;-0,8;4,2;180,4;12;180
48;Lozère;Languedoc-Roussillon;2;5;Mai;3,4;8,8;173,4;12;200
48;Lozère;Languedoc-Roussillon;2;6;Juin;6,7;12,7;107,9;9;215
48;Lozère;Languedoc-Roussillon;2;7;Juillet;9,9;16,4;59,4;7;265
48;Lozère;Languedoc-Roussillon;2;8;Août;10,1;16,3;78,1;7;240
48;Lozère;Languedoc-Roussillon;2;9;Septembre;7,2;12,7;167,1;9;195
48;Lozère;Languedoc-Roussillon;2;10;Octobre;3,5;8,1;288,8;13;134
48;Lozère;Languedoc-Roussillon;2;11;Novembre;-0,7;3,9;243,5;13;87
48;Lozère;Languedoc-Roussillon;2;12;Décembre;-2,4;2,3;227,6;13;79
66;Pyrénées-Orientales;Languedoc-Roussillon;3;1;Janvier;4,4;12,3;62,2;6;140
66;Pyrénées-Orientales;Languedoc-Roussillon;3;2;Février;5,1;13,4;40,9;4;159
66;Pyrénées-Orientales;Languedoc-Roussillon;3;3;Mars;7;15,7;39,1;4;212
66;Pyrénées-Orientales;Languedoc-Roussillon;3;4;Avril;8,9;17,6;48,8;6;215
66;Pyrénées-Orientales;Languedoc-Roussillon;3;5;Mai;12,4;21,3;49;6;231
66;Pyrénées-Orientales;Languedoc-Roussillon;3;6;Juin;16,1;25,3;33,4;5;251
66;Pyrénées-Orientales;Languedoc-Roussillon;3;7;Juillet;18,8;28,8;13,9;3;300
66;Pyrénées-Orientales;Languedoc-Roussillon;3;8;Août;18,8;28,4;32,2;4;257
66;Pyrénées-Orientales;Languedoc-Roussillon;3;9;Septembre;15,6;25,1;48,4;4;213
66;Pyrénées-Orientales;Languedoc-Roussillon;3;10;Octobre;11,9;20,4;68,4;5;159
66;Pyrénées-Orientales;Languedoc-Roussillon;3;11;Novembre;7,6;15,6;48,6;4;143
66;Pyrénées-Orientales;Languedoc-Roussillon;3;12;Décembre;5,3;13,2;62;6;113
19;Corrèze;Limousin;1;1;Janvier;2,4;9,8;75,5;12;75
19;Corrèze;Limousin;1;2;Février;1,6;10,6;69,3;11;114
19;Corrèze;Limousin;1;3;Mars;3,2;14,1;47;10;181
19;Corrèze;Limousin;1;4;Avril;4,6;16,6;92,4;11;174
19;Corrèze;Limousin;1;5;Mai;9,1;17,2;84,6;11;219
19;Corrèze;Limousin;1;6;Juin;12,6;23,7;74,1;9;220
19;Corrèze;Limousin;1;7;Juillet;13,5;26,7;61,7;8;250
19;Corrèze;Limousin;1;8;Août;14,8;26,6;70,8;7;252
19;Corrèze;Limousin;1;9;Septembre;12,5;23,5;90,2;9;183
19;Corrèze;Limousin;1;10;Octobre;7,4;18,5;95,8;11;126
19;Corrèze;Limousin;1;11;Novembre;3;12,6;89,8;10;82
19;Corrèze;Limousin;1;12;Décembre;2,4;9,8;75,5;12;75
23;Creuse;Limousin;1;1;Janvier;2,4;8;85;13;73
23;Creuse;Limousin;1;2;Février;1,7;9;75;11;110
23;Creuse;Limousin;1;3;Mars;3,4;12;55;10;172
23;Creuse;Limousin;1;4;Avril;5;14,5;89;11;166
23;Creuse;Limousin;1;5;Mai;9,1;17,1;88;12;214
23;Creuse;Limousin;1;6;Juin;12,3;22;75;9;210
23;Creuse;Limousin;1;7;Juillet;14;24,5;61,7;7;244
23;Creuse;Limousin;1;8;Août;14,5;24;71;7;247
23;Creuse;Limousin;1;9;Septembre;12;21,4;86;10;174
23;Creuse;Limousin;1;10;Octobre;8;17,3;96;11;124
23;Creuse;Limousin;1;11;Novembre;3,4;11,2;94;11;83
23;Creuse;Limousin;1;12;Décembre;2,4;8,6;82,3;12;74
87;Haute-Vienne;Limousin;1;1;Janvier;2,4;7,8;107,9;14;70
87;Haute-Vienne;Limousin;1;2;Février;1,9;8,3;88,9;12;107
87;Haute-Vienne;Limousin;1;3;Mars;3,6;11;77,3;11;166
87;Haute-Vienne;Limousin;1;4;Avril;5,2;13,2;86,6;12;160
87;Haute-Vienne;Limousin;1;5;Mai;9,1;17,5;91,1;13;206
87;Haute-Vienne;Limousin;1;6;Juin;12;20,6;74,3;10;204
87;Haute-Vienne;Limousin;1;7;Juillet;14,3;23,4;61,7;7;250
87;Haute-Vienne;Limousin;1;8;Août;14,3;23,6;71,3;8;244
87;Haute-Vienne;Limousin;1;9;Septembre;11,6;20,2;84,3;11;172
87;Haute-Vienne;Limousin;1;10;Octobre;8,4;15,5;99,8;12;123
87;Haute-Vienne;Limousin;1;11;Novembre;4,2;10,3;100,9;12;81
87;Haute-Vienne;Limousin;1;12;Décembre;2,4;7,8;107,9;14;70
54;Meurthe-et-Moselle;Lorraine;1;1;Janvier;-0,9;4,4;61,2;12;53
54;Meurthe-et-Moselle;Lorraine;1;2;Février;-0,8;6,3;55,7;10;79
54;Meurthe-et-Moselle;Lorraine;1;3;Mars;1,8;10,5;55,5;10;127
54;Meurthe-et-Moselle;Lorraine;1;4;Avril;3,6;14;47,7;9;161
54;Meurthe-et-Moselle;Lorraine;1;5;Mai;7,8;18,6;69,7;12;201
54;Meurthe-et-Moselle;Lorraine;1;6;Juin;11,1;21,6;75,3;11;211
54;Meurthe-et-Moselle;Lorraine;1;7;Juillet;13;24,3;64,3;9;231
54;Meurthe-et-Moselle;Lorraine;1;8;Août;12,7;24,2;58,4;8;236
54;Meurthe-et-Moselle;Lorraine;1;9;Septembre;9,7;20,1;63;9;155
54;Meurthe-et-Moselle;Lorraine;1;10;Octobre;6,1;14,5;67,3;11;93
54;Meurthe-et-Moselle;Lorraine;1;11;Novembre;2,2;8,2;68,4;11;52
54;Meurthe-et-Moselle;Lorraine;1;12;Décembre;0,4;5,5;78,3;12;40
55;Meuse;Lorraine;1;1;Janvier;0,2;5,9;74;13;65
55;;Lorraine;;2;Février;0,3;7,5;62,5;11;83
55;Meuse;Lorraine;1;3;Mars;2,6;11,4;66,9;12;130
55;Meuse;Lorraine;1;4;Avril;4,3;14,7;56,8;11;159
55;Meuse;Lorraine;1;5;Mai;8,6;19,3;72,4;12;208
55;Meuse;Lorraine;1;6;Juin;11,5;22,2;72,8;11;208
55;Meuse;Lorraine;1;7;Juillet;13,5;24,9;72,2;9;226
55;Meuse;Lorraine;1;8;Août;13,3;24,8;64,2;8;236
55;Meuse;Lorraine;1;9;Septembre;10,3;20,7;74,2;10;158
55;Meuse;Lorraine;1;10;Octobre;7,2;15,6;78,8;12;107
55;Meuse;Lorraine;1;11;Novembre;3;9,6;74,6;12;59
55;Meuse;Lorraine;1;12;Décembre;1,4;6,9;87,6;13;43
57;Moselle;Lorraine;1;1;Janvier;-0,6;4,6;60,9;12;52
57;Moselle;Lorraine;1;2;Février;-0,4;6,4;54,8;9;78
57;Moselle;Lorraine;1;3;Mars;2,2;10,6;58,1;11;124
57;Moselle;Lorraine;1;4;Avril;4,2;14,2;51,2;9;162
57;Moselle;Lorraine;1;5;Mai;8,4;18,9;62,6;11;203
57;Moselle;Lorraine;1;6;Juin;11,5;21,9;67,8;11;211
57;Moselle;Lorraine;1;7;Juillet;13,5;24,5;68,3;9;225
57;Moselle;Lorraine;1;8;Août;13,2;24,4;53,6;9;233
57;Moselle;Lorraine;1;9;Septembre;10,1;20,2;62;9;147
57;Moselle;Lorraine;1;10;Octobre;6,5;14,5;69,4;11;90
57;Moselle;Lorraine;1;11;Novembre;2,6;8,4;66,5;11;48
57;Moselle;Lorraine;1;12;Décembre;0,8;5,6;79,6;12;34
88;Vosges;Lorraine;1;1;Janvier;-2,1;4,9;88,4;13;69
88;Vosges;Lorraine;1;2;Février;-1,7;7,1;78,5;11;90
88;Vosges;Lorraine;1;3;Mars;0,8;10,5;74,2;12;137
88;Vosges;Lorraine;1;4;Avril;2,8;14,8;71,2;11;160
88;Vosges;Lorraine;1;5;Mai;7,2;19,6;93,9;13;211
88;Vosges;Lorraine;1;6;Juin;10,2;22,5;94,4;12;213
88;Vosges;Lorraine;1;7;Juillet;12,3;25,2;84,8;10;238
88;Vosges;Lorraine;1;8;Août;12;25,1;77,3;10;239
88;Vosges;Lorraine;1;9;Septembre;8,8;21;83,8;10;163
88;Vosges;Lorraine;1;10;Octobre;5,4;15,5;93;12;110
88;Vosges;Lorraine;1;11;Novembre;1,1;9;104;12;63
88;Vosges;Lorraine;1;12;Décembre;-1;5,7;104,2;13;50
9;Ariège;Midi-Pyrénées;2;1;Janvier;4,4;12,3;62,2;6;140
9;Ariège;Midi-Pyrénées;2;2;Février;5,1;13,4;40,9;4;159
9;Ariège;Midi-Pyrénées;2;3;Mars;7;15,7;39,1;4;212
9;Ariège;Midi-Pyrénées;2;4;Avril;49;6;48,8;6;215
9;Ariège;Midi-Pyrénées;2;5;Mai;12,4;21,3;49;6;231
9;Ariège;Midi-Pyrénées;2;6;Juin;16,1;25,3;33,4;5;251
9;Ariège;Midi-Pyrénées;2;7;Juillet;18,8;28,8;13,9;3;199
9;Ariège;Midi-Pyrénées;2;8;Août;18,8;28,4;32,2;4;257
9;Ariège;Midi-Pyrénées;2;9;Septembre;15,6;25,1;48,4;4;213
9;Ariège;Midi-Pyrénées;2;10;Octobre;11,9;20,4;68,4;5;159
9;Ariège;Midi-Pyrénées;2;11;Novembre;7,6;15,6;48,6;4;143
9;Ariège;Midi-Pyrénées;2;12;Décembre;5,3;13,2;62;6;113
12;Aveyron;Midi-Pyrénées;2;1;Janvier;0,1;5,9;66;10;100
12;Aveyron;Midi-Pyrénées;2;2;Février;0,7;7,4;54,9;9;133
12;Aveyron;Midi-Pyrénées;2;3;Mars;2,2;10,2;48,5;9;182
12;Aveyron;Midi-Pyrénées;2;4;Avril;79,8;10;67,1;10;180
12;Aveyron;Midi-Pyrénées;2;5;Mai;8,1;16,9;79,8;10;224
12;Aveyron;Midi-Pyrénées;2;6;Juin;11,1;20,7;67,3;8;242
12;Aveyron;Midi-Pyrénées;2;7;Juillet;13,8;24,7;44,2;5;294
12;Aveyron;Midi-Pyrénées;2;8;Août;13,8;24,6;61,4;6;264
12;Aveyron;Midi-Pyrénées;2;9;Septembre;10,9;20,5;74,1;7;194
12;Aveyron;Midi-Pyrénées;2;10;Octobre;7,6;15;83,6;9;127
12;Aveyron;Midi-Pyrénées;2;11;Novembre;3,2;9,4;64,3;9;92
12;Aveyron;Midi-Pyrénées;2;12;Décembre;1,3;7,1;67,2;9;89
31;Haute-Garonne;Midi-Pyrénées;2;1;Janvier;2,2;9,4;51,7;10;104
31;Haute-Garonne;Midi-Pyrénées;2;2;Février;3,2;11,2;51,3;9;119
31;Haute-Garonne;Midi-Pyrénées;2;3;Mars;4,5;14;53,8;10;182
31;Haute-Garonne;Midi-Pyrénées;2;4;Avril;77,2;10;66,8;10;184
31;Haute-Garonne;Midi-Pyrénées;2;5;Mai;10,3;20,5;77,2;10;217
31;Haute-Garonne;Midi-Pyrénées;2;6;Juin;13,3;24,2;64,4;8;207
31;Haute-Garonne;Midi-Pyrénées;2;7;Juillet;15,7;27,6;45,4;5;245
31;Haute-Garonne;Midi-Pyrénées;2;8;Août;15,9;27,5;50,5;6;238
31;Haute-Garonne;Midi-Pyrénées;2;9;Septembre;12,9;24,2;52,2;7;195
31;Haute-Garonne;Midi-Pyrénées;2;10;Octobre;9,6;18,9;52,3;8;138
31;Haute-Garonne;Midi-Pyrénées;2;11;Novembre;5,2;13;50,7;9;96
31;Haute-Garonne;Midi-Pyrénées;2;12;Décembre;3,3;10,1;52,2;9;84
32;Gers;Midi-Pyrénées;2;1;Janvier;1,9;8,9;60,7;10;87
32;Gers;Midi-Pyrénées;2;2;Février;2,7;11,2;63,2;10;108
32;Gers;Midi-Pyrénées;2;3;Mars;4;14,3;52,9;10;183
32;Gers;Midi-Pyrénées;2;4;Avril;81,6;11;63,9;11;181
32;Gers;Midi-Pyrénées;2;5;Mai;9,9;20,7;81,6;11;222
32;Gers;Midi-Pyrénées;2;6;Juin;12,9;23,9;63;9;216
32;Gers;Midi-Pyrénées;2;7;Juillet;14,9;27;59,2;7;249
32;Gers;Midi-Pyrénées;2;8;Août;14,9;26,9;57,5;7;244
32;Gers;Midi-Pyrénées;2;9;Septembre;12;24;57,4;8;190
32;Gers;Midi-Pyrénées;2;10;Octobre;9;18,8;63,6;9;126
32;Gers;Midi-Pyrénées;2;11;Novembre;4,9;12,6;61,9;10;82
32;Gers;Midi-Pyrénées;2;12;Décembre;2,9;9,5;62,9;10;86
46;Lot;Midi-Pyrénées;2;1;Janvier;1,5;8,5;67,5;11;113
46;Lot;Midi-Pyrénées;2;2;Février;2,1;10,6;68,1;10;122
46;Lot;Midi-Pyrénées;2;3;Mars;3,5;13,6;63,2;10;185
46;Lot;Midi-Pyrénées;2;4;Avril;93,2;12;78,2;11;176
46;Lot;Midi-Pyrénées;2;5;Mai;9,1;20,2;93,2;12;221
46;Lot;Midi-Pyrénées;2;6;Juin;11,6;23,3;81,3;9;223
46;Lot;Midi-Pyrénées;2;7;Juillet;13,9;27,6;59,6;7;257
46;Lot;Midi-Pyrénées;2;8;Août;13,9;26,5;67,2;8;258
46;Lot;Midi-Pyrénées;2;9;Septembre;11,3;23,1;74,7;7;191
46;Lot;Midi-Pyrénées;2;10;Octobre;8,5;18;82,4;10;134
46;Lot;Midi-Pyrénées;2;11;Novembre;4,2;12;72,3;11;90
46;Lot;Midi-Pyrénées;2;12;Décembre;2,5;9,4;74,6;11;84
65;Hautes-Pyrénées;Midi-Pyrénées;2;1;Janvier;0,8;10,2;98,9;11;
65;Hautes-Pyrénées;Midi-Pyrénées;2;2;Février;1,8;11,5;97,3;11;135
65;Hautes-Pyrénées;Midi-Pyrénées;2;3;Mars;3,2;13,5;93,1;11;172
65;Hautes-Pyrénées;Midi-Pyrénées;2;4;Avril;116,7;14;111,9;13;172
65;Hautes-Pyrénées;Midi-Pyrénées;2;5;Mai;9;18,8;116,7;14;194
65;Hautes-Pyrénées;Midi-Pyrénées;2;6;Juin;12;21,8;85,1;10;183
65;Hautes-Pyrénées;Midi-Pyrénées;2;7;Juillet;14,5;24,7;62,7;8;199
65;Hautes-Pyrénées;Midi-Pyrénées;2;8;Août;13,9;26,5;73,1;9;205
65;Hautes-Pyrénées;Midi-Pyrénées;2;9;Septembre;11,8;22,5;72,8;9;186
65;Hautes-Pyrénées;Midi-Pyrénées;2;10;Octobre;8,1;18,4;92,2;10;143
65;Hautes-Pyrénées;Midi-Pyrénées;2;11;Novembre;3,9;13,6;100,7;10;117
65;Hautes-Pyrénées;Midi-Pyrénées;2;12;Décembre;1,8;11,3;97,9;10;104
81;Tarn;Midi-Pyrénées;2;1;Janvier;0,1;5,9;66;10;100
81;Tarn;Midi-Pyrénées;2;2;Février;0,7;7,4;54,9;9;133
81;Tarn;Midi-Pyrénées;2;3;Mars;2,2;10,2;48,5;9;182
81;Tarn;Midi-Pyrénées;2;4;Avril;79,8;10;67,1;10;180
81;Tarn;Midi-Pyrénées;2;5;Mai;8,1;16,9;79,8;10;224
81;Tarn;Midi-Pyrénées;2;6;Juin;11,1;20,7;67,3;8;242
81;Tarn;Midi-Pyrénées;2;7;Juillet;13,8;24,7;44,2;5;294
81;Tarn;Midi-Pyrénées;2;8;Août;13,8;24,6;61,4;6;264
81;Tarn;Midi-Pyrénées;2;9;Septembre;10,9;20,5;74,1;7;194
81;Tarn;Midi-Pyrénées;2;10;Octobre;7,6;15;83,6;9;127
81;Tarn;Midi-Pyrénées;2;11;Novembre;3,2;9,4;64,3;9;92
81;Tarn;Midi-Pyrénées;2;12;Décembre;1,3;7,1;67,2;9;89
82;Tarn-et-Garonne;Midi-Pyrénées;2;1;Janvier;1,5;8,5;67,5;11;113
82;Tarn-et-Garonne;Midi-Pyrénées;2;2;Février;2,1;10,6;68,1;10;122
82;Tarn-et-Garonne;Midi-Pyrénées;2;3;Mars;3,5;13,6;63,2;10;185
82;Tarn-et-Garonne;Midi-Pyrénées;2;4;Avril;93,2;12;78,2;11;176
82;Tarn-et-Garonne;Midi-Pyrénées;2;5;Mai;9,1;20,2;93,2;12;221
82;Tarn-et-Garonne;Midi-Pyrénées;2;6;Juin;11,6;23,3;81,3;9;223
82;Tarn-et-Garonne;Midi-Pyrénées;2;7;Juillet;13,9;27,6;59,6;7;257
82;Tarn-et-Garonne;Midi-Pyrénées;2;8;Août;13,9;26,5;67,2;8;258
82;Tarn-et-Garonne;Midi-Pyrénées;2;9;Septembre;11,3;23,1;74,7;7;191
82;Tarn-et-Garonne;Midi-Pyrénées;2;10;Octobre;8,5;18;82,4;10;134
82;Tarn-et-Garonne;Midi-Pyrénées;2;11;Novembre;4,2;12;72,3;11;90
82;Tarn-et-Garonne;Midi-Pyrénées;2;12;Décembre;2,5;9,4;74,6;11;84
59;Nord;Nord-Pas-de-Calais;1;1;Janvier;1;5,7;57;12;63
59;Nord;Nord-Pas-de-Calais;1;2;Février;1;6,7;43,6;9;71
59;Nord;Nord-Pas-de-Calais;1;3;Mars;3,1;10,1;57,5;12;119
59;Nord;Nord-Pas-de-Calais;1;4;Avril;4,7;13,1;50,4;10;160
59;Nord;Nord-Pas-de-Calais;1;5;Mai;8,4;17,5;62,5;11;200
59;Nord;Nord-Pas-de-Calais;1;6;Juin;11;20;68,1;11;203
59;Nord;Nord-Pas-de-Calais;1;7;Juillet;13,1;22,7;61,2;9;213
59;Nord;Nord-Pas-de-Calais;1;8;Août;12,9;23,1;52,8;8;218
59;Nord;Nord-Pas-de-Calais;1;9;Septembre;10,7;19,4;63,6;10;142
59;Nord;Nord-Pas-de-Calais;1;10;Octobre;7,4;17,4;66,8;10;117
59;Nord;Nord-Pas-de-Calais;1;11;Novembre;3,8;9,3;71,5;12;65
59;Nord;Nord-Pas-de-Calais;1;12;Décembre;2,1;6,6;68,1;12;47
62;Pas-de-Calais;Nord-Pas-de-Calais;1;1;Janvier;1,4;6,1;61,9;11;68
62;Pas-de-Calais;Nord-Pas-de-Calais;1;2;Février;1,4;6,9;47,5;9;77
62;Pas-de-Calais;Nord-Pas-de-Calais;1;3;Mars;3,3;10;54,5;12;118
62;Pas-de-Calais;Nord-Pas-de-Calais;1;4;Avril;4,5;12,6;51,5;10;154
62;Pas-de-Calais;Nord-Pas-de-Calais;1;5;Mai;7,9;16,6;58,4;11;198
62;Pas-de-Calais;Nord-Pas-de-Calais;1;6;Juin;10,5;18,8;66,9;10;196
62;Pas-de-Calais;Nord-Pas-de-Calais;1;7;Juillet;12,6;21,4;53,5;8;210
62;Pas-de-Calais;Nord-Pas-de-Calais;1;8;Août;12,6;21,9;57,1;9;220
62;Pas-de-Calais;Nord-Pas-de-Calais;1;9;Septembre;10,5;18,8;74,9;11;146
62;Pas-de-Calais;Nord-Pas-de-Calais;1;10;Octobre;7,7;14,6;80,2;11;117
62;Pas-de-Calais;Nord-Pas-de-Calais;1;11;Novembre;4,2;9,7;84,2;12;71
62;Pas-de-Calais;Nord-Pas-de-Calais;1;12;Décembre;2,6;7;78,7;12;50
44;Loire-Atlantique;Pays de la Loire;2;1;Janvier;2,8;8,7;86;12;74
44;Loire-Atlantique;Pays de la Loire;2;2;Février;3;9,9;74,9;11;92
44;Loire-Atlantique;Pays de la Loire;2;3;Mars;4,4;12,7;59,3;11;139
44;Loire-Atlantique;Pays de la Loire;2;4;Avril;6;14,9;58;10;152
44;Loire-Atlantique;Pays de la Loire;2;5;Mai;9,5;18,7;62,8;11;186
44;Loire-Atlantique;Pays de la Loire;2;6;Juin;12;21,9;41,3;8;184
44;Loire-Atlantique;Pays de la Loire;2;7;Juillet;14,2;24,7;46,6;7;207
44;Loire-Atlantique;Pays de la Loire;2;8;Août;14;24,8;40,8;6;230
44;Loire-Atlantique;Pays de la Loire;2;9;Septembre;11,8;21,8;68,2;9;173
44;Loire-Atlantique;Pays de la Loire;2;10;Octobre;8,9;17;81,8;11;112
44;Loire-Atlantique;Pays de la Loire;2;11;Novembre;5,2;12,2;84,8;12;80
44;Loire-Atlantique;Pays de la Loire;2;12;Décembre;3,7;9,5;92,7;13;61
49;Maine-et-Loire;Pays de la Loire;2;1;Janvier;2,4;8,1;67,1;12;66
49;Maine-et-Loire;Pays de la Loire;2;2;Février;2,5;9,5;58,2;10;90
49;Maine-et-Loire;Pays de la Loire;2;3;Mars;3,9;12,3;48,6;10;129
49;Maine-et-Loire;Pays de la Loire;2;4;Avril;5,4;14,8;48,5;9;151
49;Maine-et-Loire;Pays de la Loire;2;5;Mai;9,1;18,8;56,7;10;188
49;Maine-et-Loire;Pays de la Loire;2;6;Juin;11,6;22,2;42,1;7;206
49;Maine-et-Loire;Pays de la Loire;2;7;Juillet;13,8;25;46,6;6;223
49;Maine-et-Loire;Pays de la Loire;2;8;Août;13,6;25,1;37,1;6;230
49;Maine-et-Loire;Pays de la Loire;2;9;Septembre;11,1;21,7;54,8;8;165
49;Maine-et-Loire;Pays de la Loire;2;10;Octobre;8,3;16,8;60,6;10;112
49;Maine-et-Loire;Pays de la Loire;2;11;Novembre;4,5;11,3;61,4;11;75
49;Maine-et-Loire;Pays de la Loire;2;12;Décembre;3,5;8,6;65;11;55
53;Mayenne;Pays de la Loire;2;1;Janvier;2,7;8,3;65,1;12;67
53;Mayenne;Pays de la Loire;2;2;Février;2,8;9,5;56;11;77
53;Mayenne;Pays de la Loire;2;3;Mars;4,1;12,3;49,4;10;121
53;Mayenne;Pays de la Loire;2;4;Avril;5,4;14,4;47,9;10;142
53;Mayenne;Pays de la Loire;2;5;Mai;8,9;18,3;65,1;10;187
53;Mayenne;Pays de la Loire;2;6;Juin;11,4;21,4;48,6;8;199
53;Mayenne;Pays de la Loire;2;7;Juillet;13,5;24;45,9;7;204
53;Mayenne;Pays de la Loire;2;8;Août;13,4;24,1;38,1;6;213
53;Mayenne;Pays de la Loire;2;9;Septembre;11,3;21,2;61,2;9;160
53;Mayenne;Pays de la Loire;2;10;Octobre;8,5;16,5;64;10;117
53;Mayenne;Pays de la Loire;2;11;Novembre;5,1;11,7;65,2;11;79
53;Mayenne;Pays de la Loire;2;12;Décembre;3,6;9,2;70,4;12;59
72;Sarthe;Pays de la Loire;2;1;Janvier;1,8;7,5;67;11;65
72;Sarthe;Pays de la Loire;2;2;Février;1,7;9;58,9;10;91
72;Sarthe;Pays de la Loire;2;3;Mars;3,3;12,3;52,9;11;133
72;Sarthe;Pays de la Loire;2;4;Avril;5;14,9;53,6;10;157
72;Sarthe;Pays de la Loire;2;5;Mai;8,8;18,9;61,2;10;202
72;Sarthe;Pays de la Loire;2;6;Juin;11,7;22,2;48,2;8;209
72;Sarthe;Pays de la Loire;2;7;Juillet;13,7;24,9;53,3;7;229
72;Sarthe;Pays de la Loire;2;8;Août;13,3;25,1;40,6;6;240
72;Sarthe;Pays de la Loire;2;9;Septembre;10,6;21,5;60,8;9;166
72;Sarthe;Pays de la Loire;2;10;Octobre;7,8;16,5;58,4;10;114
72;Sarthe;Pays de la Loire;2;11;Novembre;4;11;61;10;70
72;Sarthe;Pays de la Loire;2;12;Décembre;2,6;8,4;70,9;12;53
85;Vendée;Pays de la Loire;2;1;Janvier;2,4;8,1;94,4;12;73
85;Vendée;Pays de la Loire;2;2;Février;2,5;9,8;77,4;11;99
85;Vendée;Pays de la Loire;2;3;Mars;3,5;12,1;54,1;10;147
85;Vendée;Pays de la Loire;2;4;Avril;5,1;14,9;76,4;10;154
85;Vendée;Pays de la Loire;2;5;Mai;8,8;18,6;51,1;11;196
85;Vendée;Pays de la Loire;2;6;Juin;11,3;22;49;8;210
85;Vendée;Pays de la Loire;2;7;Juillet;13,5;24,7;45,3;7;229
85;Vendée;Pays de la Loire;2;8;Août;13,1;24,8;40;6;231
85;Vendée;Pays de la Loire;2;9;Septembre;11,1;22;85,2;9;171
85;Vendée;Pays de la Loire;2;10;Octobre;8,5;17,2;102,2;12;116
85;Vendée;Pays de la Loire;2;11;Novembre;4,8;11,8;110,5;12;75
85;Vendée;Pays de la Loire;2;12;Décembre;3,2;9,1;98,7;14;54
2;Aisne;Picardie;1;1;Janvier;0,4;5,2;56,6;11;67
2;Aisne;Picardie;1;2;Février;0,5;6,5;45,2;9;76
2;Aisne;Picardie;1;3;Mars;2,6;10,1;55,2;11;125
2;Aisne;Picardie;1;4;Avril;4;13,1;48,9;10;163
2;Aisne;Picardie;1;5;Mai;7,8;17,5;63;11;198
2;Aisne;Picardie;1;6;Juin;10,3;20,1;67,4;10;180
2;Aisne;Picardie;1;7;Juillet;12,1;22,7;57;9;198
2;Aisne;Picardie;1;8;Août;12;23,1;54,7;9;220
2;Aisne;Picardie;1;9;Septembre;9,7;19,3;57,6;10;152
2;Aisne;Picardie;1;10;Octobre;6,7;14,5;61,7;10;116
2;Aisne;Picardie;1;11;Novembre;3;8,9;62,7;11;71
2;Aisne;Picardie;1;12;Décembre;1,5;6,2;64,6;12;46
60;Oise;Picardie;1;1;Janvier;0,8;6;57;11;66
60;Oise;Picardie;1;2;Février;0,8;7,1;45,7;9;78
60;Oise;Picardie;1;3;Mars;2,7;10,6;51,9;11;118
60;Oise;Picardie;1;4;Avril;4,2;13,5;48,5;10;156
60;Oise;Picardie;1;5;Mai;7,8;17,6;62,7;11;201
60;Oise;Picardie;1;6;Juin;10,5;20,4;59,9;9;196
60;Oise;Picardie;1;7;Juillet;12,6;23,3;48,7;8;213
60;Oise;Picardie;1;8;Août;12,3;23,6;46,5;7;152
60;Oise;Picardie;1;9;Septembre;10;19,8;61,1;10;148
60;Oise;Picardie;1;10;Octobre;7;15;63,3;10;111
60;Oise;Picardie;1;11;Novembre;3,5;9,6;58;11;66
60;Oise;Picardie;1;12;Décembre;1,9;6,8;70;11;45
80;Somme;Picardie;1;1;Janvier;1,4;6,1;61,9;11;68
80;Somme;Picardie;1;2;Février;1,4;6,9;46,5;9;77
80;Somme;Picardie;1;3;Mars;3,3;10;54,5;12;118
80;Somme;Picardie;1;4;Avril;4,4;12,6;51,5;10;154
80;Somme;Picardie;1;5;Mai;7,9;16,6;58,4;11;198
80;Somme;Picardie;1;6;Juin;10,5;18,8;66,9;10;196
80;Somme;Picardie;1;7;Juillet;12,6;21,4;53,5;8;210
80;Somme;Picardie;1;8;Août;12,6;21,9;57,1;9;220
80;Somme;Picardie;1;9;Septembre;10,5;18,8;74,9;11;146
80;Somme;Picardie;1;10;Octobre;7,7;14,6;80,2;11;117
80;Somme;Picardie;1;11;Novembre;4,2;9,7;84,2;12;71
80;Somme;Picardie;1;12;Décembre;2,6;7;78,7;12;50
16;Charente;Poitou-Charentes;2;1;Janvier;2,5;9,2;76,5;12;89
16;Charente;Poitou-Charentes;2;2;Février;2,9;10,9;63,8;11;111
16;Charente;Poitou-Charentes;2;3;Mars;4,3;13,9;56,3;11;169
16;Charente;Poitou-Charentes;2;4;Avril;6,2;16,1;70,5;11;176
16;Charente;Poitou-Charentes;2;5;Mai;10;20,1;67,8;11;219
16;Charente;Poitou-Charentes;2;6;Juin;12,7;23,3;49,8;8;218
16;Charente;Poitou-Charentes;2;7;Juillet;14,8;26,4;46;7;243
16;Charente;Poitou-Charentes;2;8;Août;14,6;26,4;47,7;6;251
16;Charente;Poitou-Charentes;2;9;Septembre;12;23,1;66,8;9;177
16;Charente;Poitou-Charentes;2;10;Octobre;9,1;18,3;75;11;129
16;Charente;Poitou-Charentes;2;11;Novembre;4,8;12,6;83,5;12;88
16;Charente;Poitou-Charentes;2;12;Décembre;3,3;9,9;87,7;12;71
17;Charente-Maritime;Poitou-Charentes;2;1;Janvier;3,8;8,9;78,3;12;87
17;Charente-Maritime;Poitou-Charentes;2;2;Février;4,1;10,2;67,2;11;114
17;Charente-Maritime;Poitou-Charentes;2;3;Mars;5,8;12,7;50,8;10;172
17;Charente-Maritime;Poitou-Charentes;2;4;Avril;7,4;15;61,9;10;186
17;Charente-Maritime;Poitou-Charentes;2;5;Mai;11,2;18,7;59;10;233
17;Charente-Maritime;Poitou-Charentes;2;6;Juin;13,9;21,7;40;7;248
17;Charente-Maritime;Poitou-Charentes;2;7;Juillet;16,2;24,3;36;6;269
17;Charente-Maritime;Poitou-Charentes;2;8;Août;16,2;24,5;41,9;6;266
17;Charente-Maritime;Poitou-Charentes;2;9;Septembre;13,7;21,9;66,3;8;192
17;Charente-Maritime;Poitou-Charentes;2;10;Octobre;10,6;17,8;86,1;12;136
17;Charente-Maritime;Poitou-Charentes;2;11;Novembre;6,5;12,7;90,6;12;89
17;Charente-Maritime;Poitou-Charentes;2;12;Décembre;4,6;9,8;85,4;13;63
79;Deux-Sèvres;Poitou-Charentes;2;1;Janvier;2,8;8,7;86;12;74
79;Deux-Sèvres;Poitou-Charentes;2;2;Février;3;9,9;74,9;11;92
79;Deux-Sèvres;Poitou-Charentes;2;3;Mars;4,4;12,7;59,3;11;139
79;Deux-Sèvres;Poitou-Charentes;2;4;Avril;6;14,9;58;10;152
79;Deux-Sèvres;Poitou-Charentes;2;5;Mai;9,5;18,7;62,8;11;186
79;Deux-Sèvres;Poitou-Charentes;2;6;Juin;12;21,9;41,3;8;184
79;Deux-Sèvres;Poitou-Charentes;2;7;Juillet;14,2;24,7;46,6;7;207
79;Deux-Sèvres;Poitou-Charentes;2;8;Août;14;24,8;40,8;6;230
79;Deux-Sèvres;Poitou-Charentes;2;9;Septembre;11,8;21,8;68,2;9;173
79;Deux-Sèvres;Poitou-Charentes;2;10;Octobre;8,9;17;82,8;11;112
79;Deux-Sèvres;Poitou-Charentes;2;11;Novembre;5,2;12,2;84,8;12;80
79;Deux-Sèvres;Poitou-Charentes;2;12;Décembre;3,7;9,5;92,7;13;61
86;Vienne;Poitou-Charentes;2;1;Janvier;1,4;7,6;62,7;11;74
86;Vienne;Poitou-Charentes;2;2;Février;1,5;9,4;54,3;10;97
86;Vienne;Poitou-Charentes;2;3;Mars;2,8;12,4;46,8;9;160
86;Vienne;Poitou-Charentes;2;4;Avril;4,5;14,8;53,9;10;169
86;Vienne;Poitou-Charentes;2;5;Mai;8,4;18,9;69,9;12;210
86;Vienne;Poitou-Charentes;2;6;Juin;11;22,3;46,4;7;217
86;Vienne;Poitou-Charentes;2;7;Juillet;13,3;25,4;47,3;7;243
86;Vienne;Poitou-Charentes;2;8;Août;12,9;25,4;39,8;6;252
86;Vienne;Poitou-Charentes;2;9;Septembre;10,4;21,9;59;8;179
86;Vienne;Poitou-Charentes;2;10;Octobre;7,5;16,9;64,5;10;123
86;Vienne;Poitou-Charentes;2;11;Novembre;3,5;11,2;70;11;84
86;Vienne;Poitou-Charentes;2;12;Décembre;2,2;8,4;72,9;11;59
4;Alpes de Hautes-Provence;Provence-Alpes-Côte d'Azur;2;1;Janvier;-0,2;8,9;52,6;6;174
4;Alpes de Hautes-Provence;Provence-Alpes-Côte d'Azur;2;2;Février;0,4;10,8;45,6;6;193
4;Alpes de Hautes-Provence;Provence-Alpes-Côte d'Azur;2;3;Mars;2,5;14,1;51,6;6;244
4;Alpes de Hautes-Provence;Provence-Alpes-Côte d'Azur;2;4;Avril;5;16,5;72,1;9;223
4;Alpes de Hautes-Provence;Provence-Alpes-Côte d'Azur;2;5;Mai;8,6;21;66,8;8;266
4;Alpes de Hautes-Provence;Provence-Alpes-Côte d'Azur;2;6;Juin;12;24,9;58,6;7;290
4;Alpes de Hautes-Provence;Provence-Alpes-Côte d'Azur;2;7;Juillet;15;29,1;41,8;4;335
4;Alpes de Hautes-Provence;Provence-Alpes-Côte d'Azur;2;8;Août;14,8;28,8;63;5;310
4;Alpes de Hautes-Provence;Provence-Alpes-Côte d'Azur;2;9;Septembre;11,6;24,2;71,7;6;241
4;Alpes de Hautes-Provence;Provence-Alpes-Côte d'Azur;2;10;Octobre;7,7;18,6;89,7;8;181
4;Alpes de Hautes-Provence;Provence-Alpes-Côte d'Azur;2;11;Novembre;3,1;12,6;66,1;6;154
4;Alpes de Hautes-Provence;Provence-Alpes-Côte d'Azur;2;12;Décembre;0,7;9,5;57,8;6;145
5;Hautes-Alpes;Provence-Alpes-Côte d'Azur;1;1;Janvier;-1,3;5,8;65,1;10;96
5;Hautes-Alpes;Provence-Alpes-Côte d'Azur;1;2;Février;-0,1;7,8;61,2;9;116
5;Hautes-Alpes;Provence-Alpes-Côte d'Azur;1;3;Mars;1,8;11,5;75,6;9;175
5;Hautes-Alpes;Provence-Alpes-Côte d'Azur;1;4;Avril;3,9;14,4;86,1;10;174
5;Hautes-Alpes;Provence-Alpes-Côte d'Azur;1;5;Mai;8,4;19,3;99,7;11;223
5;Hautes-Alpes;Provence-Alpes-Côte d'Azur;1;6;Juin;11,4;22,6;87,3;10;234
5;Hautes-Alpes;Provence-Alpes-Côte d'Azur;1;7;Juillet;13,7;26,1;64;7;279
5;Hautes-Alpes;Provence-Alpes-Côte d'Azur;1;8;Août;13,6;25,9;65,1;7;262
5;Hautes-Alpes;Provence-Alpes-Côte d'Azur;1;9;Septembre;10,6;21,6;106;8;189
5;Hautes-Alpes;Provence-Alpes-Côte d'Azur;1;10;Octobre;7,1;16,2;103,9;10;126
5;Hautes-Alpes;Provence-Alpes-Côte d'Azur;1;11;Novembre;2,3;9,8;84;10;79
5;Hautes-Alpes;Provence-Alpes-Côte d'Azur;1;12;Décembre;0,7;6,7;67;9;68
6;Alpes-Maritimes;Provence-Alpes-Côte d'Azur;3;1;Janvier;5,4;12,9;85,1;7;162
6;Alpes-Maritimes;Provence-Alpes-Côte d'Azur;3;2;Février;5,9;13,4;59,7;6;178
6;Alpes-Maritimes;Provence-Alpes-Côte d'Azur;3;3;Mars;7,6;14,9;60,9;5;217
6;Alpes-Maritimes;Provence-Alpes-Côte d'Azur;3;4;Avril;9,7;16,5;69,2;7;212
6;Alpes-Maritimes;Provence-Alpes-Côte d'Azur;3;5;Mai;13,5;20,1;49,4;5;259
6;Alpes-Maritimes;Provence-Alpes-Côte d'Azur;3;6;Juin;16,7;23,6;38,3;4;293
6;Alpes-Maritimes;Provence-Alpes-Côte d'Azur;3;7;Juillet;19,6;26,6;15,4;2;335
6;Alpes-Maritimes;Provence-Alpes-Côte d'Azur;3;8;Août;19,9;27,2;23,9;3;308
6;Alpes-Maritimes;Provence-Alpes-Côte d'Azur;3;9;Septembre;17;24,3;75,6;4;240
6;Alpes-Maritimes;Provence-Alpes-Côte d'Azur;3;10;Octobre;13,2;20,6;143,9;7;174
6;Alpes-Maritimes;Provence-Alpes-Côte d'Azur;3;11;Novembre;8,7;16,3;94,3;7;149
6;Alpes-Maritimes;Provence-Alpes-Côte d'Azur;3;12;Décembre;6,1;13,8;87,6;6;140
13;Bouches-du-Rhône;Provence-Alpes-Côte d'Azur;3;1;Janvier;3;11,2;53,6;6;145
13;Bouches-du-Rhône;Provence-Alpes-Côte d'Azur;3;2;Février;3,9;12,6;43,5;5;180
13;Bouches-du-Rhône;Provence-Alpes-Côte d'Azur;3;3;Mars;6;15,3;40,4;5;243
13;Bouches-du-Rhône;Provence-Alpes-Côte d'Azur;3;4;Avril;8,5;17,7;57,9;6;238
13;Bouches-du-Rhône;Provence-Alpes-Côte d'Azur;3;5;Mai;12,6;22,2;41,2;5;298
13;Bouches-du-Rhône;Provence-Alpes-Côte d'Azur;3;6;Juin;16;26,1;25,4;4;316
13;Bouches-du-Rhône;Provence-Alpes-Côte d'Azur;3;7;Juillet;18,7;29,5;12,6;1;359
13;Bouches-du-Rhône;Provence-Alpes-Côte d'Azur;3;8;Août;18,7;29,2;31,4;3;322
13;Bouches-du-Rhône;Provence-Alpes-Côte d'Azur;3;9;Septembre;15,5;25,3;60,6;4;253
13;Bouches-du-Rhône;Provence-Alpes-Côte d'Azur;3;10;Octobre;11,6;20,3;85,4;6;178
13;Bouches-du-Rhône;Provence-Alpes-Côte d'Azur;3;11;Novembre;6,8;14,7;50,6;5;145
13;Bouches-du-Rhône;Provence-Alpes-Côte d'Azur;3;12;Décembre;4,1;12;52;6;127
83;Var;Provence-Alpes-Côte d'Azur;3;1;Janvier;6,2;13;82,9;7;152
83;Var;Provence-Alpes-Côte d'Azur;3;2;Février;6,5;13,7;70;6;184
83;Var;Provence-Alpes-Côte d'Azur;3;3;Mars;7,9;15,8;49,1;5;236
83;Var;Provence-Alpes-Côte d'Azur;3;4;Avril;9,6;17,9;66,3;7;236
83;Var;Provence-Alpes-Côte d'Azur;3;5;Mai;13;21,9;43,2;5;285
83;Var;Provence-Alpes-Côte d'Azur;3;6;Juin;16,3;25,9;29,1;3;314
83;Var;Provence-Alpes-Côte d'Azur;3;7;Juillet;19,1;29,4;7,1;1;360
83;Var;Provence-Alpes-Côte d'Azur;3;8;Août;19,4;29,7;29,9;2;325
83;Var;Provence-Alpes-Côte d'Azur;3;9;Septembre;16,7;25,9;55,7;4;251
83;Var;Provence-Alpes-Côte d'Azur;3;10;Octobre;13,3;21,1;108,7;7;176
83;Var;Provence-Alpes-Côte d'Azur;3;11;Novembre;9,3;16,2;62;6;143
83;Var;Provence-Alpes-Côte d'Azur;3;12;Décembre;7,2;13,7;70,6;7;127
84;Vaucluse;Provence-Alpes-Côte d'Azur;2;1;Janvier;1,7;9,8;55,4;6;135
84;Vaucluse;Provence-Alpes-Côte d'Azur;2;2;Février;2,7;11,7;48,5;6;175
84;Vaucluse;Provence-Alpes-Côte d'Azur;2;3;Mars;4,9;15,2;56;6;230
84;Vaucluse;Provence-Alpes-Côte d'Azur;2;4;Avril;7,3;17,7;67,2;7;222
84;Vaucluse;Provence-Alpes-Côte d'Azur;2;5;Mai;11,3;22,5;70,5;7;276
84;Vaucluse;Provence-Alpes-Côte d'Azur;2;6;Juin;14,7;26,3;42,9;5;287
84;Vaucluse;Provence-Alpes-Côte d'Azur;2;7;Juillet;17,5;30;36,1;3;317
84;Vaucluse;Provence-Alpes-Côte d'Azur;2;8;Août;17,1;29,5;49,4;4;305
84;Vaucluse;Provence-Alpes-Côte d'Azur;2;9;Septembre;13,9;25;76,5;5;223
84;Vaucluse;Provence-Alpes-Côte d'Azur;2;10;Octobre;9,9;19,4;106,8;7;167
84;Vaucluse;Provence-Alpes-Côte d'Azur;2;11;Novembre;5,2;13,3;72,7;7;136
84;Vaucluse;Provence-Alpes-Côte d'Azur;2;12;Décembre;2,6;10,4;51,1;7;130
1;Ain;Rhône-Alpes;1;1;Janvier;-0,1;5,3;62,5;11;59
1;Ain;Rhône-Alpes;1;2;Février;0,9;7,6;57,8;10;89
1;Ain;Rhône-Alpes;1;3;Mars;3,1;11,8;50,8;9;155
1;Ain;Rhône-Alpes;1;4;Avril;5,3;14,8;67,7;10;176
1;Ain;Rhône-Alpes;1;5;Mai;9,4;19,5;82,8;11;220
1;Ain;Rhône-Alpes;1;6;Juin;12,6;22,9;76,9;10;233
1;Ain;Rhône-Alpes;1;7;Juillet;14,9;26,1;63,8;8;268
1;Ain;Rhône-Alpes;1;8;Août;14,5;25,8;63,8;8;253
1;Ain;Rhône-Alpes;1;9;Septembre;11,1;21,6;86,7;8;177
1;Ain;Rhône-Alpes;1;10;Octobre;7,6;15,7;81,6;10;99
1;Ain;Rhône-Alpes;1;11;Novembre;3;9,3;75,6;10;66
1;Ain;Rhône-Alpes;1;12;Décembre;1,1;6,2;69,8;11;52
7;Ardèche;Rhône-Alpes;2;1;Janvier;1,7;8;71,6;7;100
7;Ardèche;Rhône-Alpes;2;2;Février;2,5;10,1;55,8;6;137
7;Ardèche;Rhône-Alpes;2;3;Mars;4,5;14;61,8;6;211
7;Ardèche;Rhône-Alpes;2;4;Avril;6,7;16,6;80,4;8;208
7;Ardèche;Rhône-Alpes;2;5;Mai;10,4;21,5;88,1;8;258
7;Ardèche;Rhône-Alpes;2;6;Juin;13,9;25,1;63,2;6;281
7;Ardèche;Rhône-Alpes;2;7;Juillet;16,6;29;46,5;4;321
7;Ardèche;Rhône-Alpes;2;8;Août;16,4;28,6;55,2;5;295
7;Ardèche;Rhône-Alpes;2;9;Septembre;13,4;24;118;7;214
7;Ardèche;Rhône-Alpes;2;10;Octobre;9,6;18,1;138,3;9;145
7;Ardèche;Rhône-Alpes;2;11;Novembre;5,1;11,9;76,8;7;101
7;Ardèche;Rhône-Alpes;2;12;Décembre;2,8;8,7;68,2;8;85
26;Drôme;Rhône-Alpes;2;1;Janvier;-0,2;8,9;52,6;6;174
26;Drôme;Rhône-Alpes;2;2;Février;0,4;10,8;45,6;6;193
26;Drôme;Rhône-Alpes;2;3;Mars;2,5;14,1;51,6;6;244
26;Drôme;Rhône-Alpes;2;4;Avril;5;16,5;72,1;9;223
26;Drôme;Rhône-Alpes;2;5;Mai;8,6;21;66,8;8;266
26;Drôme;Rhône-Alpes;2;6;Juin;12;24,9;58,6;7;290
26;Drôme;Rhône-Alpes;2;7;Juillet;15;29,1;41,8;4;335
26;Drôme;Rhône-Alpes;2;8;Août;14,8;28,8;63;5;310
26;Drôme;Rhône-Alpes;2;9;Septembre;11,6;24,2;71,7;6;241
26;Drôme;Rhône-Alpes;2;10;Octobre;7,7;18,6;89,7;8;181
26;Drôme;Rhône-Alpes;2;11;Novembre;3,1;12,6;66,1;6;154
26;Drôme;Rhône-Alpes;2;12;Décembre;0,7;9,5;57,8;6;145
38;Isère;Rhône-Alpes;1;1;Janvier;-1,3;5,8;65,1;10;96
38;Isère;Rhône-Alpes;1;2;Février;-0,1;7,8;61,2;9;116
38;Isère;Rhône-Alpes;1;3;Mars;1,8;11,5;75,6;9;175
38;Isère;Rhône-Alpes;1;4;Avril;3,9;14,4;86,1;10;174
38;Isère;Rhône-Alpes;1;5;Mai;8,4;19,3;99,7;11;223
38;Isère;Rhône-Alpes;1;6;Juin;11,4;22,6;87,3;10;234
38;Isère;Rhône-Alpes;1;7;Juillet;13,7;26,1;64;7;279
38;Isère;Rhône-Alpes;1;8;Août;13,6;25,9;65,1;7;262
38;Isère;Rhône-Alpes;1;9;Septembre;10,6;21,6;106;8;189
38;Isère;Rhône-Alpes;1;10;Octobre;7,1;16,2;103,9;10;126
38;Isère;Rhône-Alpes;1;11;Novembre;2,3;9,8;84;10;79
38;Isère;Rhône-Alpes;1;12;Décembre;0,7;6,7;67;9;68
42;Loire;Rhône-Alpes;1;1;Janvier;0,1;6,2;52,9;9;69
42;Loire;Rhône-Alpes;1;2;Février;1,2;8,4;50,5;9;97
42;Loire;Rhône-Alpes;1;3;Mars;3,3;12,4;54,8;9;172
42;Loire;Rhône-Alpes;1;4;Avril;5,6;15,3;72,3;10;180
42;Loire;Rhône-Alpes;1;5;Mai;9,9;20;87,7;11;225
42;Loire;Rhône-Alpes;1;6;Juin;13,1;23,5;80,2;9;232
42;Loire;Rhône-Alpes;1;7;Juillet;15,6;27;62;7;275
42;Loire;Rhône-Alpes;1;8;Août;15,3;26,7;69;7;259
42;Loire;Rhône-Alpes;1;9;Septembre;11,9;22,3;88,3;8;187
42;Loire;Rhône-Alpes;1;10;Octobre;8,4;16,7;94,7;10;111
42;Loire;Rhône-Alpes;1;11;Novembre;3,6;10,2;75,1;9;70
42;Loire;Rhône-Alpes;1;12;Décembre;1,5;7,1;55,5;10;55
69;Rhône;Rhône-Alpes;1;1;Janvier;0,1;6,2;52,9;9;69
69;Rhône;Rhône-Alpes;1;2;Février;1,2;8,4;50,5;9;97
69;Rhône;Rhône-Alpes;1;3;Mars;3,3;12,4;54,8;9;172
69;Rhône;Rhône-Alpes;1;4;Avril;5,6;15,3;72,3;10;180
69;Rhône;Rhône-Alpes;1;5;Mai;9,9;20;87,7;11;225
69;Rhône;Rhône-Alpes;1;6;Juin;13,1;23,5;80,2;9;232
69;Rhône;Rhône-Alpes;1;7;Juillet;15,6;27;62;7;275
69;Rhône;Rhône-Alpes;1;8;Août;15,3;26,7;69;7;259
69;Rhône;Rhône-Alpes;1;9;Septembre;11,9;22,3;88,3;8;187
69;Rhône;Rhône-Alpes;1;10;Octobre;8,4;16,7;94,7;10;111
69;Rhône;Rhône-Alpes;1;11;Novembre;3,6;10,2;75,1;9;70
69;Rhône;Rhône-Alpes;1;12;Décembre;1,5;7,1;55,5;10;55
73;Savoie;Rhône-Alpes;1;1;Janvier;-3,8;4,9;"96;7";10;115
73;Savoie;Rhône-Alpes;1;2;Février;-3,1;7,1;96,8;8;127
73;Savoie;Rhône-Alpes;1;3;Mars;-0,3;11;73,2;8;172
73;Savoie;Rhône-Alpes;1;4;Avril;2,7;13,9;58;8;165
73;Savoie;Rhône-Alpes;1;5;Mai;6,8;19;74,5;11;208
73;Savoie;Rhône-Alpes;1;6;Juin;9,5;22,1;81,5;11;207
73;Savoie;Rhône-Alpes;1;7;Juillet;11,8;25,5;71,8;9;245
73;Savoie;Rhône-Alpes;1;8;Août;11,6;25,2;68;9;236
73;Savoie;Rhône-Alpes;1;9;Septembre;8,6;21,1;72;8;176
73;Savoie;Rhône-Alpes;1;10;Octobre;4,7;15,7;90,1;9;128
73;Savoie;Rhône-Alpes;1;11;Novembre;-0,2;8,9;95,3;9;90
73;Savoie;Rhône-Alpes;1;12;Décembre;-2,6;5,5;107,2;9;89
74;Haute-Savoie;Rhône-Alpes;1;1;Janvier;-3,8;4,9;"96;7";10;115
74;Haute-Savoie;Rhône-Alpes;1;2;Février;-3,1;7,1;96,8;8;127
74;Haute-Savoie;Rhône-Alpes;1;3;Mars;-0,3;11;73,2;8;172
74;Haute-Savoie;Rhône-Alpes;1;4;Avril;2,7;13,9;58;8;165
74;Haute-Savoie;Rhône-Alpes;1;5;Mai;6,8;19;74,5;11;208
74;Haute-Savoie;Rhône-Alpes;1;6;Juin;9,5;22,1;81,5;11;207
74;Haute-Savoie;Rhône-Alpes;1;7;Juillet;11,8;25,5;71,8;9;245
74;Haute-Savoie;Rhône-Alpes;1;8;Août;11,6;25,2;68;9;236
74;Haute-Savoie;Rhône-Alpes;1;9;Septembre;8,6;21,1;72;8;176
74;Haute-Savoie;Rhône-Alpes;1;10;Octobre;4,7;15,7;90,1;9;128
74;Haute-Savoie;Rhône-Alpes;1;11;Novembre;-0,2;8,9;95,3;9;90
74;Haute-Savoie;Rhône-Alpes;1;12;Décembre;-2,6;5,5;107,2;9;89
